id,inn,ogrn,kpp,org_form,reg_date,name,region,address,actual_address,tax_office,phone,lpr_phone,lpr_email,email,website,linkedin,director,director_gender,director_title,director_inn,fin_director,contact_person,contact_person_full,citizenship,activity_main,activity_code,activity_other,niche,supply_subject,revenue,profit,employees,capital,balance,import_turnover,export_turnover,import_confirmed,foreign_payments,arbitrage,arbitrage_amount,licenses,registries,msp,size,segment,priority,focus_link,source_orig,branches,comment_static,call_status,pipeline_stage,tg_contact,tg_status,messenger,next_call_date,assigned_to,call_count,last_called_at,ai_suggestions,ai_summary,is_deleted,created_at,updated_at
ebd3b381-fe7b-4c4c-ac99-1a0753b23635,7804358991,1077847181851,,Общества с ограниченной ответственностью,2007-03-22,"ТД ПОЛИМИР, ООО",Санкт-Петербург,,"194044, г. Санкт-Петербург, ул. Гельсингфорсская, д. 4 к. 1 литера В пом. / офис 8Н/23",,"8 (931) 0031968, 8 (812) 3097511, 8 (812) 3344681, 8 (912) 3132189",,,tdpolimir@yandex.ru,www.gudvin-group.ru,,,,,,,,,,Торговля оптовая неспециализированная,46.90,,,,2325194000,59979000,40,10000,,"XX,Xмлн. ₽",,,,,,,,,,,,,,,,new,new,,none,,,3c8a9867-810f-441f-b9f4-3e6b2803a4c6,0,,,,False,2026-05-22 06:43:41.980952+00:00,2026-05-22 06:43:41.980952+00:00
6567599e-929c-4c5c-96fa-2e73cc6a9fda,5009090819,1135009008892,,12300 - Общества с ограниченной ответственностью,2013-11-18,"МАСТЕР-ЛОК ГРУПП, ООО",Московская область,,"142031, Московская обл., г. Домодедово, д. Шестово стр. 1",,,79859230529,,,,,,,,,,,,,Торговля оптовая неспециализированная,,,,,1700516000,18724000,81,5000000,,,,,,,,,,,Средние предприятия,,,,,,,new,new,,none,,,3c8a9867-810f-441f-b9f4-3e6b2803a4c6,0,,,,False,2026-06-23 17:07:59.609281+00:00,2026-06-23 17:07:59.609281+00:00
0ad8a86d-75e0-4eda-95b5-f661d5680eed,5530005476,1095530000466,,12300 - Общества с ограниченной ответственностью,2009-12-28,"ВЕЛКОМ, ООО ХОЛДИНГ",Омская область,"ignashovas@sibbaza.ru, info@sibbaza.ru, vivann@rambler.ru","646024, Омская обл., Исилькульский район, г. Исилькуль, ул. Ленина, д. 47",,"8 (381) 2207105, 8 (381) 2550352, 8 (381) 2595595, 8 (913) 6280666, 8 (913) 6711352, 8 (913) 9613883, 8 (913) 9681564, 8 (923) 0380620, 8 (953) 3970044",79139613883,,"ignashovas@sibbaza.ru, info@sibbaza.ru, vivann@rambler.ru",sibbaza.ru,,,,,,,,,,Торговля оптовая неспециализированная,,,,,2408694000,140940000,224,10000,,,,,,,,,,,Крупные предприятия,,,,,,,new,new,,none,,,3c8a9867-810f-441f-b9f4-3e6b2803a4c6,0,,,,False,2026-06-23 12:57:27.577178+00:00,2026-06-24 08:44:53.719225+00:00
5e97ac17-04b1-4a8c-93fd-658b9bb965ca,7730669615,1127746600728,,12300 - Общества с ограниченной ответственностью,2012-08-03,"ГЛОБО, ООО",Москва,globo_company@mail.ru,"121087, г. Москва, вн.тер.г. муниципальный округ Филевский парк, пр-д Промышленный, д. 7, стр. 3, эт/ком/пом 2/14/I",,8 (495) 9716974,По запросу,,globo_company@mail.ru,,,,,,,,,,,Торговля оптовая неспециализированная,,,,,1969481000,-155091000,25,300000,,,,,,,,,,,Крупные предприятия,,,,,,,new,new,,none,,,3c8a9867-810f-441f-b9f4-3e6b2803a4c6,0,,,,False,2026-05-22 11:39:27.473122+00:00,2026-06-24 14:51:42.606621+00:00
9aba5566-71b1-4824-a5dd-f6dda469a488,7720300160,1157746359704,,12300 - Общества с ограниченной ответственностью,2015-04-20,"ТОРГОВАЯ ГРУППА ГЛОБАЛ-ВЕТ, ООО",Москва,,"111123, г. Москва, вн.тер.г. муниципальный округ Перово, ш Энтузиастов, д. 56 (Технопарк Прожектор)",,"8 (495) 5323919, 8 (965) 2270041",По запросу,,"sofitel80@mail.ru, tg@global-vet.ru",,,,,,,,,,,Торговля оптовая неспециализированная,,,,,2779798000,41937000,177,19608,,,Не установлено в рамках автоматического скрининга,,,,,,,,Средние предприятия,,,,,,,new,new,,none,,,3c8a9867-810f-441f-b9f4-3e6b2803a4c6,0,,,,False,2026-05-22 11:40:05.259004+00:00,2026-06-15 08:32:05.591490+00:00
f58bbac9-8882-41db-8945-1f900b79a30a,5024204147,1205000032203,,12300 - Общества с ограниченной ответственностью,2020-03-31,"МЭЙДЖИК, ООО",Московская область,,"143402, Московская обл., г. Красногорск, ул. Жуковского, д. 7 пом. 35 ( к. 49) офис 57",,,79856448999,,,gre-rus.ru,,,,,,,,,,Торговля оптовая неспециализированная,,,,,2154835000,80132000,13,100000,,,,,,,,,,,Крупные предприятия,,,,,,,new,new,,none,,,3c8a9867-810f-441f-b9f4-3e6b2803a4c6,0,,,,False,2026-06-23 13:41:30.117699+00:00,2026-06-23 13:41:30.117699+00:00
1db6dbe4-5a12-4954-adb4-be3a36ffd1d2,7811470659,1107847269738,,12300 - Общества с ограниченной ответственностью,2010-08-17,"СФЕРА М, ООО",Санкт-Петербург,"a.makolova@baltmedical.ru, sfera_m@inbox.ru","192029, г. Санкт-Петербург, ул. Седова, д. 12 литера А офис 327 (Т4, бизнес-центр)",,"8 (988) 7898989, 8 (921) 5597921",79215597921,,"a.makolova@baltmedical.ru, sfera_m@inbox.ru",,,,,,,,,,,Торговля оптовая неспециализированная,,,,,2617351000,190102000,14,20000,,,,,,,,,,,Крупные предприятия,,,,,,,new,new,,none,,,3c8a9867-810f-441f-b9f4-3e6b2803a4c6,0,,,,False,2026-06-23 12:42:52.651292+00:00,2026-06-24 08:35:30.784222+00:00
9c6b68ae-a1f4-4cff-ad5c-297c8907f3a9,7810190225,1027804850930,,Общества с ограниченной ответственностью,2000-03-14,"АКРОС, ООО",Москва,,"117485, г. Москва, ул. Академика Волгина, д. 2Б стр. 2 офис 27",,8 (499) 9410904,По запросу,,"info@akros-llc.com, mbushueva@akros-llc.com",akros-llc.com,,,,,,,,,,Торговля оптовая неспециализированная,46.90,,,,9898924000,939616000,670,5000000,,"XXX,XXмлн. ₽",,,,,,,,,Микропредприятия,,,,,,,new,new,,none,,,3c8a9867-810f-441f-b9f4-3e6b2803a4c6,0,,,,False,2026-05-22 06:43:43.118205+00:00,2026-05-22 11:46:51.453502+00:00
408d3812-d21c-459b-ad9f-445d236ce495,7805368914,1057810222250,,Общества с ограниченной ответственностью,2005-04-14,"ТД ПОЛИМЕТАЛЛ, ООО",г Санкт-Петербург,"198216, г Санкт-Петербург, Кировский р-н, пр-кт Народного Ополчения, д 2 литера а, помещ 1Н офис 1089","198216, г. Санкт-Петербург, вн.тер.г. муниципальный округ Княжево, пр-кт Народного Ополчения, д. 2, литера А, помещ. 1-Н, кабинет 1089",,"8 (812) 3343664, 8 (812) 1534139, 8 (812) 1537771, 8 (812) 3343634, 8 (812) 3343666, 8 (812) 7534139",,,"['info@polymetal.ru']; demeshina@polymetal.ru, demtshina@polymetal.ru, info@polymetal.ru","www.polymetal.ru, www.polymetalinternational.com; www.polymetal.ru",,,,,,,,,,Торговля оптовая неспециализированная,46.90,,,,28877652000,31997000,,1185000000,,"XXX,XXмлн. ₽",,,,,,,,,Крупное,Все импортёры (США),,,,,,new,new,,none,,,3c8a9867-810f-441f-b9f4-3e6b2803a4c6,0,,,,False,2026-05-22 06:43:41.980952+00:00,2026-05-22 06:43:41.980952+00:00
27d2a4e8-e1b9-4ec3-9490-2bd0accabe07,2543160498,1212500023010,,12300 - Общества с ограниченной ответственностью,2021-09-28,"ЛИМАО ТРЕЙДИНГ, ООО",Новосибирская область,,"630097, Новосибирская обл, г.о. город Новосибирск, г Новосибирск, ш Бердское, зд. 4/7",,,79165961451,,,,,,,,,,,,,Торговля оптовая неспециализированная,,,,,2153126000,213239000,68,1000000,,,,,,,,,,,Крупные предприятия,,,,,,,new,new,,none,,,3c8a9867-810f-441f-b9f4-3e6b2803a4c6,0,,,,False,2026-06-23 12:39:12.709521+00:00,2026-06-23 12:39:12.709521+00:00
07480906-c09a-4ce3-85cd-39bec56a26d6,5404469887,1125476158004,,12300 - Общества с ограниченной ответственностью,2012-10-10,"ЭЛСИ СИБИРЬ, ООО",Новосибирская область,info@sib.elsi.ru,"630102, Новосибирская обл., г. Новосибирск, ул. Кирова, д. 48 этаж 10 (Бизнес-центр «Время»)",,"8 (383) 2484010, 8 (913) 9866284",По запросу,,info@sib.elsi.ru,elsi.ru,,,,,,,,,,Торговля оптовая неспециализированная,46.90,,,,2442533000,54202000,7,10000,,,,,,,,,,,Крупные предприятия,,,,,,,new,new,,none,,,3c8a9867-810f-441f-b9f4-3e6b2803a4c6,0,,,,False,2026-05-22 10:39:44.524369+00:00,2026-05-25 06:36:29.590941+00:00
fd5d780b-0fe3-4549-ae35-dd9596a825b6,7804407215,1087847030006,,12300 - Общества с ограниченной ответственностью,2008-12-23,"РИМАЛЬ, ООО",Санкт-Петербург,,"195220, г. Санкт-Петербург, проспект Гражданский, д. 22 литера А офис 717 (Гражданский 22, Бизнес-центр)",,"8 (921) 9885586, 8 (812) 3245523, 8 (812) 3245551, 8 (812) 3245563, 8 (812) 3245570, 8 (921) 3274780",79219885586,,,,,,,,,,,,,Торговля оптовая неспециализированная,,,,,2087844000,174424000,8,10000,,,,,,,,,,,Крупные предприятия,,,,,,,new,new,,none,,,3c8a9867-810f-441f-b9f4-3e6b2803a4c6,0,,,,False,2026-06-23 12:46:10.136962+00:00,2026-06-23 12:46:10.136962+00:00
911eedfa-7bfd-4130-b3e7-76238a591795,2352050952,1142352000779,,12300 - Общества с ограниченной ответственностью,2014-10-01,"ВИКТОРИЯ, ООО",Краснодарский край,,"353500, Краснодарский кр., Темрюкский район, г. Темрюк, ул. Анапское Шоссе, д. 1",,"8 (861) 3280404, 8 (918) 3280404, 8 (928) 2077212",79181936893,,,,,,,,,,,,,Торговля оптовая неспециализированная,,,,,1977040000,-51177000,22,11000,,,,,,,,,,,Средние предприятия,,,,,,,new,new,,none,,,3c8a9867-810f-441f-b9f4-3e6b2803a4c6,0,,,,False,2026-06-24 14:29:03.109410+00:00,2026-06-24 14:29:03.109410+00:00
72a55fa0-ddf1-4934-a971-b34c13b94962,7839355180,1077847252581,,12300 - Общества с ограниченной ответственностью,2007-04-09,"ЛОГО ТРЕЙД, ООО",Санкт-Петербург,"makarova@logodltd.ru, makarova@logosltd.ru","190020, г. Санкт-Петербург, набережная Обводного Канала, д. 150 к. 1 литера А пом. 219.02",,"8 (812) 3342121, 8 (921) 9319355, 8 (3512) 200109, 8 (383) 2092932, 8 (495) 6403167, 8 (4962) 585850, 8 (812) 2520795, 8 (8632) 232244, 8 (910) 4045411, 8 (913) 3852721, 8 (919) 3083770",79015488512,,"makarova@logodltd.ru, makarova@logosltd.ru",logoskaz.ru,,,,,,,,,,"Торговля оптовая неспециализированная пищевыми продуктами, напитками и табачными изделиями",,,,,2528882000,65595000,141,61214088,,,,,,,,,,,Крупные предприятия,,,,,,,new,new,,none,,,3c8a9867-810f-441f-b9f4-3e6b2803a4c6,0,,,,False,2026-06-23 14:05:09.258124+00:00,2026-06-24 09:26:35.860313+00:00
9b097816-6efc-45ae-91f8-dd47895d24df,7816410759,1077847181620,,Общества с ограниченной ответственностью,2007-03-22,"ЭКОЛЕС, ООО",Санкт-Петербург,,"192102, г. Санкт-Петербург, вн.тер.г. муниципальный округ Волковское, наб Реки Волковки, д. 13, литера И, помещ. 2-Н,№3",,"8 (495) 5101510, 8 (812) 3806600, 8 (495) 7823073, 8 (812) 3806500, 8 (812) 6401720",,,"6425566@mail.ru, ecolesspb@yandex.ru, ekolesspb@yandex.ru, info@flagsale.ru, kitchen@tdserver.ru, market@tdserver.ru",www.tdserver.ru,,,,,,,,,,Торговля оптовая неспециализированная,46.90,,,,2352032000,139121000,214,20000,,"XXX,Xмлн. ₽",,,,,,,,,,,,,,,,new,new,,none,,,3c8a9867-810f-441f-b9f4-3e6b2803a4c6,0,,,,False,2026-05-22 06:43:44.230590+00:00,2026-05-22 06:43:44.230590+00:00
f3518d88-903a-4e30-9b09-0699ac6d0e96,7804057754,1027802511780,,Непубличные акционерные общества,1996-07-18,"ЛОИП, АО",Санкт-Петербург,"info@loip.ru, kazantseva@loip.ru, mironova@loip.ru, surkova@loip.ru, tivanova@loip.ru","193230, г. Санкт-Петербург, пер. Челиева, д. 12 литера А офис 403",,"8 (812) 2352824, 8 (812) 3252524, 8 (812) 9252836, 8 (982) 3026063, 8 (343) 3573310, 8 (3472) 935431, 8 (495) 9406719, 8 (495) 9406720, 8 (812) 3232836, 8 (812) 3254270, 8 (812) 4465800, 8 (812) 4466565, 8 (861) 2000691, 8 (861) 2101977",По запросу,,"info@loip.ru, kazantseva@loip.ru, mironova@loip.ru, nizamova@loip.ru, shkatova@loip.ru, surkova@loip.ru, tedeeva@loip.ru, tivanova@loip.ru",www.loip.ru,,,,,,,,,,Торговля оптовая неспециализированная,46.90,,,,1750665000,214123000,101,3002000,,"XX,XXмлн. ₽","XX,XXмлн. ₽",,,,,,,,Средние предприятия,,,,,,,new,new,,none,,,3c8a9867-810f-441f-b9f4-3e6b2803a4c6,0,,,,False,2026-05-22 06:43:40.841165+00:00,2026-06-23 13:04:52.132316+00:00
85492f21-4087-4563-bdf5-b3a832848c8c,TEMP-bc0d45b6-9e9e-48ab-8e6f-082717e5ac28,1027700170520,,12300 - Общества с ограниченной ответственностью,1997-10-07,"И.Ф.Ф. МОСКОУ, ООО",Москва,,"123112, г. Москва, вн.тер.г. муниципальный округ Пресненский, наб Пресненская, д. 10 (Бизнес-центр «Naberezhnaya Tower»)",,"8 (495) 6459390, 8 (495) 7665284, 8 (495) 7813113",По запросу,,russia@frutarom.com,"www.frutarom.com, www.iff.com",,,,,,,,,,Торговля оптовая неспециализированная,,,,,2904242000,-63812000,46,85000,,,,,,,,,,,Крупные предприятия,,,https://pub.fsa.gov.ru/rds/declaration/view/21540468/common,,,,new,new,,none,,,3c8a9867-810f-441f-b9f4-3e6b2803a4c6,0,,"{'pending': {'website': {'label': 'Сайт', 'current': 'www.frutarom.com, www.iff.com', 'suggested': 'https://ru.wikipedia.org/wiki/И'}}, 'qualification': {'score': 30, 'has_ved': False, 'evidence': ['Отсутствие информации о внешнеэкономической деятельности.', 'Нет данных о валютных платежах и международных партнёрах.'], 'reasoning': 'Компания И.Ф.Ф. МОСКОУ, ООО не предоставляет информации о внешнеэкономической деятельности, импорте или экспорте. Отсутствуют данные о валютных платежах и международных партнёрах. Основной вид деятельности компании — оптовая торговля, что не обязательно подразумевает наличие ВЭД.', 'is_exporter': False, 'is_importer': False, 'needs_review': True, 'has_foreign_payments': False, 'has_international_partners': False}}",,False,2026-07-24 09:13:53.506600+00:00,2026-07-30 08:16:48.057045+00:00
9a84b805-cfa7-4af8-b85b-ca159493754e,5407159273,1025404349431,,12267 - Непубличные акционерные общества,1994-02-16,"ЭЛЕКТРОКОМПЛЕКТСЕРВИС, ЗАО",Новосибирская область,"d.ageev@elektro.ru, farchenco@mail.ru, rvs@elektro.ru, t.tatarnikov@elektro.ru, v.serpkov@elektro.ru, v.vorobiev@elektro.ru","630005, Новосибирская обл., г. Новосибирск, ул. Гоголя, д. 23 офис 5",,"8 (383) 2106700, 8 (391) 2713939, 8 (902) 9812981, 8 (383) 2125970, 8 (383) 2278755, 8 (383) 3464501, 8 (383) 3543090, 8 (383) 3543091, 8 (383) 3543092, 8 (383) 3543093, 8 (383) 3639530, 8 (38343) 91005, 8 (38343) 93707, 8 (3955) 645374, 8 (913) 9850298",По запросу,,"e.tyuvikova@elektro.ru, johneks@mail.ru, martali@elektro.ru, moiseeva1@elektro.ru, zakaz@elektro.ru",elektro.ru,,,,,,,,,,Торговля оптовая неспециализированная,46.90,,,,7753657000,434640000,686,10000000,,,,,,,,,,,Крупные предприятия,,,,,,,new,new,,none,,,3c8a9867-810f-441f-b9f4-3e6b2803a4c6,0,,,,False,2026-05-22 10:38:22.601093+00:00,2026-05-25 06:34:05.122212+00:00
503837f6-ec0b-44fd-a357-96e005c511ff,7707521314,1047796468433,,12300 - Общества с ограниченной ответственностью,2004-06-29,"ФАБЕРОН, ООО",Москва,yrist@faberon.ru,"121357, г. Москва, шоссе Аминьевское, д. 31 ком. 1",,"8 (495) 7750010, 8 (495) 7750011, 8 (499) 1267042, 8 (499) 2480446",По запросу,,yrist@faberon.ru,faberon.ru,,,,,,,,,,Торговля оптовая неспециализированная,,,,,2369874000,223371000,25,90000000,,,,,,,,,,,Крупные предприятия,,,,,,,new,new,,none,,,3c8a9867-810f-441f-b9f4-3e6b2803a4c6,0,,,,False,2026-05-22 11:40:25.552951+00:00,2026-06-23 12:50:21.366443+00:00
aea914c6-51d7-42a5-bde6-6d49e92fc611,2540231006,1172536037200,,12300 - Общества с ограниченной ответственностью,2017-10-17,"МАЙХОНГ ТРЕЙДИНГ, ООО",Приморский край,,"690090, Приморский кр., г. Владивосток, ул. Набережная, д. 16 офис 9",,"8 (4232) 414119, 8 (902) 5050812, 8 (914) 0790209, 8 (914) 7977328",79025050812,,,,,,,,,,,,,Торговля оптовая неспециализированная,,,,,1840528000,101710000,40,10000,,,,,,,,,,,Средние предприятия,,,,,,,new,new,,none,,,3c8a9867-810f-441f-b9f4-3e6b2803a4c6,0,,,,False,2026-06-23 13:20:04.507320+00:00,2026-06-23 13:20:04.507320+00:00
721b0317-81c3-4551-87ff-955e2fa32293,6732060810,1136733011689,,12300 - Общества с ограниченной ответственностью,2013-07-09,"БПТРАНСПОРТ, ООО",Смоленская область,,"214004, Смоленская обл., г. Смоленск, ул. Багратиона, д. 4 офис 53",,8 (481) 2664375,79107871493,,,,,,,,,,,,,Торговля оптовая неспециализированная,,,,,2621214000,137258000,6,1000000,,,,,,,,,,,Крупные предприятия,,,,,,,new,new,,none,,,3c8a9867-810f-441f-b9f4-3e6b2803a4c6,0,,,,False,2026-06-23 12:57:27.577178+00:00,2026-06-23 12:57:27.577178+00:00
585a7fb3-c4bf-41e8-965e-f7d543e27976,8603127227,1058600628360,,Общества с ограниченной ответственностью,2005-11-15,"ТД ЭКОНО-ТЕХ, ООО",Московская область,,"142701, Московская обл, г.о. Ленинский, г Видное, ул Ольховая, д. 9, помещ. 11, ком. 9",,"8 (3466) 555023, 8 (3466) 674300, 8 (34663) 12121, 8 (34663) 12200, 8 (34663) 12323, 8 (34663) 12424",По запросу,,econotech@bk.ru,econotech.ru,,,,,,,,,,Торговля оптовая неспециализированная,46.90,,,,4807179000,574032000,49,1000000,,"XXX,XXмлн. ₽",,,,,,,,,,,,,,,,new,new,,none,,,3c8a9867-810f-441f-b9f4-3e6b2803a4c6,0,,,,False,2026-05-22 06:43:46.359385+00:00,2026-05-22 06:43:46.359385+00:00
c8a77e27-c003-49fe-b373-a87b8516bfd6,7817311045,1077847611049,,Общества с ограниченной ответственностью,2007-09-28,"ТАРА.РУ, ООО",Санкт-Петербург,,"196641, г. Санкт-Петербург, пос. Металлострой, дор. На Металлострой, д. 5 к. 66 литера А офис СКЛ. 4",,"8 (343) 2359605, 8 (812) 3123456, 8 (921) 7406836, 8 (926) 5433353, 8 (931) 3589064, 8 (495) 5102740, 8 (812) 5674824, 8 (812) 7777756, 8 (903) 5840578",,,"145@tara.ru, 217@tara.ru, 219@tara.ru, 256@tara.ru, 804@tara.ru, ekaterina.yungina@tara.ru, igor.nazarov@tara.ru, mos@tara.ru, sales@tara.ru, tararu@yandex.ru",www.tara.ru,,,,,,,,,,Торговля оптовая неспециализированная,46.90,,,,3394140000,102152000,222,625000,,"XXX,XXмлн. ₽","XX,XXмлн. ₽",,,,,,,,,,,,,,,new,new,,none,,,3c8a9867-810f-441f-b9f4-3e6b2803a4c6,0,,,,False,2026-05-22 06:43:45.283233+00:00,2026-05-22 06:43:45.283233+00:00
67a6bce1-95f2-43d7-bbe5-bfaf8719e5d8,7820320515,1107847006090,,12300 - Общества с ограниченной ответственностью,2010-01-27,"АНТЕГ, ООО",Санкт-Петербург,,"196608, г. Санкт-Петербург, г. Пушкин, ул. Автомобильная, д. 4 к. 3 стр. 1 пом. 12",,8 (812) 4666668,79119210923,,"info@dinteg.ru, tender@dinteg.ru",,,,,,,,,,,Торговля оптовая неспециализированная,,,,,2090119000,-219000,,15000,,,,,,,,,,,Микропредприятия,,,https://pub.fsa.gov.ru/rds/declaration/view/21536990/common,,,,new,new,,none,,,3c8a9867-810f-441f-b9f4-3e6b2803a4c6,0,,,,False,2026-06-24 09:56:20.587701+00:00,2026-07-24 05:16:49.540046+00:00
b18ab442-2903-401c-b633-ec1e346cff78,7724749799,1107746456180,,12300 - Общества с ограниченной ответственностью,2010-06-03,"СОНЭС ЛОГИСТИК, ООО",Москва,"d.lebedev@sones.ru, info@sones.ru, kae@sones.ru","123308, г. Москва, вн.тер.г. муниципальный округ Хорошево-Мневники, ул 3-я Хорошёвская, д. 2, стр. 1, помещ. 9А/Н/6",,"8 (3012) 468953, 8 (34141) 66690, 8 (3422) 073088, 8 (3422) 566103, 8 (343) 2887888, 8 (343) 3436602, 8 (343) 3856720, 8 (3435) 478844, 8 (345) 2696848, 8 (346) 2517851, 8 (3472) 861603, 8 (3473) 302320, 8 (3513) 655656, 8 (3517) 503009, 8 (3519) 267708",По запросу,,"d.lebedev@sones.ru, info@sones.ru, kae@sones.ru",sones.ru,,,,,,,,,,Торговля оптовая неспециализированная,46.90,,,,1883606000,28592000,35,300000,,хххх руб.,,,,,,,,,Крупные предприятия,,,,,,,new,new,,none,,,3c8a9867-810f-441f-b9f4-3e6b2803a4c6,0,,,,False,2026-05-22 11:21:49.227659+00:00,2026-06-23 14:21:54.978221+00:00
869edf8b-aada-4eaa-81b6-1ec17b291afd,6678122624,1226600050962,,12300 - Общества с ограниченной ответственностью,2022-08-17,"ПРИОРИТЕТ М, ООО",Свердловская область,,"620030, Свердловская обл, г.о. город Екатеринбург, г Екатеринбург, ул Карьерная, стр. 2, офис 703 (К2, бизнес-центр)",,,79222014111,,,,,,,,,,,,,Торговля оптовая неспециализированная,,,,,2535787000,209290000,42,10000,,,,,,,,,,,Крупные предприятия,,,,,,,new,new,,none,,,3c8a9867-810f-441f-b9f4-3e6b2803a4c6,0,,,,False,2026-06-23 12:39:12.709521+00:00,2026-06-23 12:39:12.709521+00:00
e0f61e4c-192e-4444-9d6e-0233ba439fe7,7804059487,1027802509129,,,,"ОПТИК ПЛЮС СПБ, ООО",Санкт-Петербург,,,,,,,,www.opticplusspb.ru,,,,,,,,,,Торговля оптовая неспециализированная,,,,,2010007000,,,,,,Не установлено в рамках автоматического скрининга,,,,,,,,,,,,,,,new,new,,none,,,3c8a9867-810f-441f-b9f4-3e6b2803a4c6,0,,,,False,2026-06-15 08:39:11.170120+00:00,2026-06-15 08:39:11.170120+00:00
b64e30c6-9265-41ec-b1f2-6a815e974213,7826682663,1027810323386,,Общества с ограниченной ответственностью,1997-06-23,"СТРОЙМЕТИЗ, ООО",Санкт-Петербург,"info@smetiz.ru, kazan@smetiz.ru, kunchichav@smetiz.ru, msk@smetiz.ru, petrovaif@smetiz.ru, pirogovaya@smetiz.ru, ural@smetiz.ru","191002, г. Санкт-Петербург, пер. Щербаков, д. 17А литера Б пом. 6Н",,"8 (812) 6655131, 8 (921) 9361170, 8 (3433) 394001, 8 (3433) 579795, 8 (812) 3205616, 8 (812) 3209549, 8 (812) 3344079, 8 (812) 5722085, 8 (812) 5722086, 8 (812) 5722191, 8 (812) 5722194, 8 (812) 5722195, 8 (812) 5722196, 8 (812) 5723623, 8 (812) 5723625",79219302359,,"generalovaos@smetiz.ru, info@smetiz.ru, kazan@smetiz.ru, kunchichav@smetiz.ru, petrovaif@smetiz.ru, pirogovaya@smetiz.ru, ural@smetiz.ru",smetiz.ru,,,,,,,,,,Торговля оптовая неспециализированная,46.90,,,,2081960000,296903000,173,100000,,"XXX,XXмлн. ₽",,,,,,,,,Крупные предприятия,,,,,,,new,new,,none,,,3c8a9867-810f-441f-b9f4-3e6b2803a4c6,0,,,,False,2026-05-22 06:43:45.283233+00:00,2026-06-24 03:25:10.165988+00:00
757aeb3b-9aad-4320-88c5-cdaacaadb168,6164133890,1216100000489,,12300 - Общества с ограниченной ответственностью,2021-01-18,"ИМПОРТ ТРЕЙД ГРУПП, ООО",Ростовская область,galusichca@mail.ru,"344013, Ростовская обл, г.о. город Ростов-на-Дону, г Ростов-на-Дону, ул Текучева, д. 37, офис 206",,,79185808777,,galusichca@mail.ru,,,,,,,,,,,Торговля оптовая неспециализированная,,,,,1713911000,414435000,16,10000,,,,,,,,,,,Средние предприятия,,,,,,,new,new,,none,,,3c8a9867-810f-441f-b9f4-3e6b2803a4c6,0,,,,False,2026-06-23 12:23:18.173148+00:00,2026-06-24 08:22:28.431148+00:00
845d3577-71a4-4751-89af-750b84190713,7806525158,1147847154949,,12300 - Общества с ограниченной ответственностью,2014-04-28,"САТУРН ЭК, ООО",Санкт-Петербург,buh@saturn-ic.com,"196240, г. Санкт-Петербург, проезд 6-Й Предпортовый, д. 4 литера С пом. 42",,"8 (812) 3097621, 8 (904) 6346346",79052226051,,buh@saturn-ic.com,,,,,,,,,,,Торговля оптовая неспециализированная,,,,,1652957000,114000000,3,10000,,,,,,,,,,,Средние предприятия,,,,,,,new,new,,none,,,3c8a9867-810f-441f-b9f4-3e6b2803a4c6,0,,,,False,2026-06-23 13:08:52.453770+00:00,2026-06-24 08:52:25.061090+00:00
b1472791-1aa0-4d24-ba8f-98c8c4756a51,6658553936,1226600033362,,12300 - Общества с ограниченной ответственностью,2022-06-08,"ИМПОРТЛОГИСТИК, ООО",Свердловская область,,"620149, Свердловская обл, г.о. город Екатеринбург, г Екатеринбург, ул Серафимы Дерябиной, стр. 24, офис 729 (Офисное здание «Премиум»)",,,79119426800,,,,,,,,,,,,,Торговля оптовая неспециализированная,,,,,1677884000,96376000,5,1000000,,,,,,,,,,,Средние предприятия,,,,,,,new,new,,none,,,3c8a9867-810f-441f-b9f4-3e6b2803a4c6,0,,,,False,2026-06-23 13:24:31.315004+00:00,2026-06-23 13:24:31.315004+00:00
0665dace-2c18-471f-a987-26f04b003a67,5040111517,1115040010810,,12300 - Общества с ограниченной ответственностью,2011-11-11,"ПЕТЭКСПЕРТ, ООО",Московская область,,"140188, Московская обл., г. Жуковский, ул. Гагарина, д. 58 пом. 1",,"8 (916) 8720617, 8 (495) 2217225",79031364805,,,,,,,,,,,,,Торговля оптовая неспециализированная,,,,,2822762000,19275000,9,25000,,,,,,,,,,,Крупные предприятия,,,,,,,new,new,,none,,,3c8a9867-810f-441f-b9f4-3e6b2803a4c6,0,,,,False,2026-06-23 17:07:59.609281+00:00,2026-06-23 17:07:59.609281+00:00
916b9266-6c6e-43d6-b5e8-d151776af4d4,7732002489,1027700221372,,12300 - Общества с ограниченной ответственностью,1994-06-22,"ФИРМА НАДЕЖДА, ООО",Москва,,"121471, г. Москва, вн.тер.г. муниципальный округ Очаково-Матвеевское, ул Рябиновая, д. 44",,"8 (495) 3810368, 8 (345) 2383300, 8 (345) 2383305, 8 (47474) 21536, 8 (495) 7853907, 8 (495) 7853928, 8 (495) 7853930, 8 (495) 7853932, 8 (495) 7853933, 8 (495) 7853934, 8 (800) 1004226, 8 (8412) 381000, 8 (8412) 381167, 8 (861) 2010111, 8 (861) 2010230",По запросу,,"alco@ocakovo.ru, alco@ochacovo.ru, alco@ochakovo.ru, alko@ochakovo.ru, ivankus@yandex.ru, marketing@ochakovo1.ru, mmikheev@ochakovo.ru, nchaykun@ochakovo.ru, office.penza@ochakovo.ru, oskripnikova@ochakovo.ru",,,,,,,,,,,Торговля оптовая неспециализированная,,,,,2210083000,2155000,61,10010000,,,,,,,,,,,Средние предприятия,,,,,,,new,new,,none,,,3c8a9867-810f-441f-b9f4-3e6b2803a4c6,0,,,,False,2026-05-22 11:39:09.229707+00:00,2026-05-25 07:03:44.524535+00:00
f0587382-d314-4a09-8c33-0d9bf8c90a1f,7702734076,1107746470622,,12300 - Общества с ограниченной ответственностью,2010-06-08,"ТЕРЕМ, ООО",Москва,"baygushkina@terem.ru, embulaev@terem.ru, esun@i3d.ru, esun@terem.ru, sales@terem.ru, strelnikovv@terem.ru, tender@terem.ru","107023, г. Москва, вн.тер.г. муниципальный округ Соколиная гора, пер Барабанный, д. 3, помещ. 6/4 (Бизнес-центр в Барабанном Переулке, 3)",,"8 (495) 1086804, 8 (495) 1087680, 8 (495) 9560401, 8 (383) 2120125, 8 (495) 9560404, 8 (495) 9565518, 8 (495) 9882918, 8 (812) 3271031, 8 (8432) 272212, 8 (863) 3001602",По запросу,,"baygushkina@terem.ru, embulaev@terem.ru, esun@i3d.ru, esun@terem.ru, sales@terem.ru, strelnikovv@terem.ru, tender@terem.ru",,,,,,,,,,,Торговля оптовая неспециализированная,,,,,1805938000,41276000,63,14827,,,,,,,,,,,Средние предприятия,,,,,,,new,new,,none,,,3c8a9867-810f-441f-b9f4-3e6b2803a4c6,0,,,,False,2026-05-25 07:04:15.238231+00:00,2026-06-23 14:58:41.865778+00:00
4a17c131-2a13-43d3-a20c-b0f64d534e64,7447294064,1207400009574,,12300 - Общества с ограниченной ответственностью,2020-03-03,"РЕКЛАМНЫЕ МАТЕРИАЛЫ, ООО",Челябинская область,victoria.b@zenonline.ru,"454081, Челябинская обл, г.о. Челябинский, г Челябинск, ул Кудрявцева, д. 39А, помещ. 6",,8 (929) 6780378,79296780378,,victoria.b@zenonline.ru,,,,,,,,,,,Торговля оптовая неспециализированная,,,,,2499363000,38347000,38,10000,,,,,,,,,,,Крупные предприятия,,,,,,,new,new,,none,,,3c8a9867-810f-441f-b9f4-3e6b2803a4c6,0,,,,False,2026-06-23 15:08:42.198618+00:00,2026-06-24 12:10:44.425244+00:00
e4709ff5-21bc-4181-9568-86a09435db30,7810986095,1147847191381,,12300 - Общества с ограниченной ответственностью,2014-05-30,"АККОРД, ООО",Санкт-Петербург,,"198097, г. Санкт-Петербург, вн.тер.г. муниципальный округ Нарвский округ, ул Маршала Говорова, д. 29, литера А, помещ. 7-Н, оф. 212/1 (Командарм, бизнес-центр)",,"8 (812) 2421233, 8 (812) 9217373, 8 (812) 9849492, 8 (911) 9217373",79112131871,,,accord-electronics.ru,,,,,,,,,,Торговля оптовая неспециализированная,,,,,2470334000,21643000,5,10000,,,,,,,,,,,Крупные предприятия,,,,,,,new,new,,none,,,3c8a9867-810f-441f-b9f4-3e6b2803a4c6,0,,,,False,2026-06-23 16:46:19.693446+00:00,2026-06-23 16:46:19.693446+00:00
2e36281d-7638-4f88-b0aa-a834bdac8294,5036042116,1035007202427,,12300 - Общества с ограниченной ответственностью,2000-03-20,"АШК, ООО",Московская область,,"142116, Московская обл, г.о. Подольск, г Подольск, ул Лобачева, д. 23, стр. 4",,"8 (49676) 30373, 8 (49677) 64310, 8 (49676) 91370, 8 (495) 3636859, 8 (499) 2704510",По запросу,,"anna@avtoshinkom.ru, avtoshin@podolsk.ru, avtoshinkom@avtoshinkom.ru, corp@avtoshinkom.ru, sale@avtoshinkom.ru, tsvetkov@avtoshinkomplekt.ru, zakaz@avtoshinkom.ru","www.avoshinkom.ru, www.avtoshinkom.ru",,,,,,,,,,Торговля оптовая неспециализированная,,,,,1733448000,7603000,37,17600000,,,,,,,,,,,Средние предприятия,,,,,,,new,new,,none,,,3c8a9867-810f-441f-b9f4-3e6b2803a4c6,0,,,,False,2026-05-22 11:39:09.229707+00:00,2026-05-25 07:03:44.524535+00:00
06f2f498-63d7-4c61-a119-89effae1ac72,7813568184,1137847301305,,12300 - Общества с ограниченной ответственностью,2013-08-09,"КОЛИБРИ, ООО",Москва,,"123060, г. Москва, ул. Расплетина, д. 24 ком. 517 (Деловой центр Расплетина, 24)",,"8 (495) 9884814, 8 (495) 9884815, 8 (812) 6116924, 8 (916) 6116924",По запросу,,colibri.import@gmail.com,kolibri-rus.ru,,,,,,,,,,Торговля оптовая неспециализированная,,,,,2291804000,-33529000,35,101000,,,,,,,,,,,Крупные предприятия,,,,,,,new,new,,none,,,3c8a9867-810f-441f-b9f4-3e6b2803a4c6,0,,,,False,2026-05-25 07:05:00.834189+00:00,2026-05-25 07:05:00.834189+00:00
13026ed5-5b8e-4fe2-a84f-af9cbb2b4805,5009098007,1155009001223,,12300 - Общества с ограниченной ответственностью,2001-12-28,"ТД АКУСТИК ГРУПП, ООО",Московская область,,"142029, Московская обл., г. Домодедово, ул. Логистическая (Северный Мкр.), стр. 8 пом. 1, этаж 1",,"8 (495) 7851080, 8 (495) 9591944, 8 (495) 2237252, 8 (903) 1904919",По запросу,,"finance@acoustic.ru, moscow@acoustic.ru, zqxl@mail.ru",,,,,,,,,,,Торговля оптовая неспециализированная,,,,,3402897000,344079000,40,10000,,,,,,,,,,,Крупные предприятия,,,,,,,new,new,,none,,,3c8a9867-810f-441f-b9f4-3e6b2803a4c6,0,,,,False,2026-05-22 11:39:27.473122+00:00,2026-05-25 07:06:36.337176+00:00
59392571-d09d-41a6-bbad-60ebd3aeb8ba,7725838875,1147746927008,,12300 - Общества с ограниченной ответственностью,2014-08-14,"ДАНТЕКС КЛИМАТ, ООО",Москва,,"115432, г. Москва, проспект Андропова, д. 18 к. 5 этаж 14 (Бизнес-центр Nagatino i-land: Lobachevsky (Нагатино Айлэнд: Лобачевский))",,"8 (495) 9165210, 8 (495) 9165211, 8 (495) 9165218, 8 (495) 9169697, 8 (800) 7751587, 8 (985) 7655392",По запросу,,"info@dantex.ru, info@dantexgroup.ru, info@marsa-air.ru, service@dantexgroup.ru",guards.ru,,,,,,,,,,Торговля оптовая неспециализированная,,,,,1833113000,279497000,19,100000,,,,,,,,,,,Средние предприятия,,,,,,,new,new,,none,,,3c8a9867-810f-441f-b9f4-3e6b2803a4c6,0,,,,False,2026-05-22 11:39:27.473122+00:00,2026-05-25 07:08:40.909279+00:00
ed705aca-0c4c-4dce-a866-abe4322dd4d5,7720602428,1077763870667,,12300 - Общества с ограниченной ответственностью,2007-12-14,"ТД РЕМЕЗА, ООО",Московская область,,"143930, Московская обл, г.о. Балашиха, г Балашиха, мкр. Салтыковка, ш Носовихинское, влд. 253, стр. 11",,"8 (495) 6440440, 8 (495) 7203607, 8 (903) 2626311",По запросу,,"info@entuziast-corp.ru, info@remesa.org, info@remeza.org, rudenko-nv@remeza.org","remesa.org, www.entuziast-corp.ru, www.remeza.org",,,,,,,,,,Торговля оптовая неспециализированная,,,,,1760328000,69421000,30,10000,,,,,,,,,,,Средние предприятия,,,,,,,new,new,,none,,,3c8a9867-810f-441f-b9f4-3e6b2803a4c6,0,,,,False,2026-05-22 11:39:27.473122+00:00,2026-05-25 07:08:40.909279+00:00
18168eae-4eea-4ba1-a59e-b17922ea5222,5003122126,1175027003030,,12300 - Общества с ограниченной ответственностью,2017-02-13,"ГРАНДЦВЕТМЕТ, ООО",Московская область,,"142701, Московская обл., г. Видное, проезд Индустриальный (Южная Промзона Тер.), зд. 8 стр. 1, офис 5",,8 (495) 2760595,По запросу,,info@grandtsvetmet.ru,grandtsvetmet.ru,,,,,,,,,,Торговля оптовая неспециализированная,,,,,1967401000,18530000,16,10000,,,,,,,,,,,Крупные предприятия,,,,,,,new,new,,none,,,3c8a9867-810f-441f-b9f4-3e6b2803a4c6,0,,,,False,2026-05-22 11:39:45.807759+00:00,2026-05-25 07:09:26.640692+00:00
7aa65881-3bee-420b-91b0-cca5458f08b5,5906107584,1115906002981,,12267 - Непубличные акционерные общества,2011-05-12,"РЕММА СЕВУР, АО",Москва,,"115054, г. Москва, вн.тер.г. муниципальный округ Замоскворечье, наб Озерковская, д. 50, стр. 1 (Бизнес-центр )",,"8 (3422) 009014, 8 (912) 8842705, 8 (950) 4578962, 8 (993) 5230152",По запросу,,"ivan.rema@mail.ru, pancheha.pg@rema-perm.ru",rema-perm.ru,,,,,,,,,,Торговля оптовая неспециализированная,,,,,1709662000,25341000,19,10000,,,,,,,,,,,Средние предприятия,,,,,,,new,new,,none,,,3c8a9867-810f-441f-b9f4-3e6b2803a4c6,0,,,,False,2026-05-22 11:40:05.259004+00:00,2026-05-25 07:13:24.029247+00:00
069a23f6-d45a-445f-b5da-191671187e14,7730632710,1107746813712,,12300 - Общества с ограниченной ответственностью,2010-10-06,"ДИИП 2000, ООО ТПК",Москва,,"121096, г. Москва, ул. Кастанаевская, д. 24",,"8 (495) 4439998, 8 (495) 7395203, 8 (927) 4160603, 8 (343) 2207524, 8 (3472) 936635, 8 (3512) 400190, 8 (3652) 788439, 8 (381) 2511146, 8 (383) 2300234, 8 (391) 2001325, 8 (3952) 485929, 8 (421) 2458048, 8 (4232) 620207, 8 (473) 2502805, 8 (485) 2580604",По запросу,,ktn@deep2000.ru,https://deep2000.ru/,,,,,,,,,,Торговля оптовая неспециализированная,,,,,3285383000,66944000,71,100000,,,,,,,,,,,Средние предприятия,,,,,,,new,new,,none,,,3c8a9867-810f-441f-b9f4-3e6b2803a4c6,0,,,,False,2026-05-22 11:40:05.259004+00:00,2026-05-25 07:14:04.929794+00:00
57c488bb-77d4-4c52-b2a8-92f7b9199aa5,7709556545,1047796521255,,12300 - Общества с ограниченной ответственностью,2004-07-19,"МЕТАЛКОР ТРЭЙД, ООО",Москва,,"123112, г. Москва, вн.тер.г. муниципальный округ Пресненский, наб Пресненская, д. 12, помещ. 34/33 (Многофункциональный комплекс «Башня Федерация»)",,"8 (495) 7757601, 8 (3432) 290022, 8 (495) 7757600, 8 (495) 7771318, 8 (495) 7771320, 8 (86344) 31042, 8 (926) 2360209",По запросу,,sales@sk-tmk.ru,npk-miratech.ru,,,,,,,,,,Торговля оптовая неспециализированная,,,,,3790520000,1099000,74,1000000,,,,,,,,,,,Крупные предприятия,,,,,,,new,new,,none,,,3c8a9867-810f-441f-b9f4-3e6b2803a4c6,0,,,,False,2026-05-22 11:40:05.259004+00:00,2026-05-25 07:16:07.326824+00:00
ea8c75ea-1025-431c-9e53-900df569ca7a,9705045818,1157746725861,,12300 - Общества с ограниченной ответственностью,2015-08-06,"ВАЛЬКИРИЯ, ООО",Москва,,"115054, г. Москва, вн.тер.г. муниципальный округ Замоскворечье, ул Пятницкая, д. 71/5, стр. 8",,"8 (499) 5191346, 8 (985) 2876457",По запросу,,sales@valkiriya2.com,,,,,,,,,,,Торговля оптовая неспециализированная,,,,,1956231000,-96460000,3,10500,,,,,,,,,,,Крупные предприятия,,,,,,,new,new,,none,,,3c8a9867-810f-441f-b9f4-3e6b2803a4c6,0,,,,False,2026-05-22 11:40:05.259004+00:00,2026-05-25 07:16:07.326824+00:00
4316c79a-a1f9-407d-bc98-905f1d636082,7706450445,1177746942570,,12300 - Общества с ограниченной ответственностью,2017-09-06,"ГЛОБАЛ ТРЕЙД, ООО",Москва,,"121309, г. Москва, вн.тер.г. муниципальный округ Филевский парк, ул Барклая, д. 13, стр. 1",,"8 (499) 3462174, 8 (499) 4556462",По запросу,,tender@proglobaltrade.ru,proglobaltrade.ru,,,,,,,,,,Торговля оптовая неспециализированная,,,,,2555578000,768115000,24,100000,,,,,,,,,,,Крупные предприятия,,,,,,,new,new,,none,,,3c8a9867-810f-441f-b9f4-3e6b2803a4c6,0,,,,False,2026-05-25 07:18:14.464565+00:00,2026-05-25 07:18:14.464565+00:00
2c62b9a0-b3b4-489a-be11-ffce46dbcf18,7713738097,1117746926252,,12267 - Непубличные акционерные общества,2011-11-16,"ПФК РЫБИНСККОМПЛЕКС, АО",Москва,,"107045, г. Москва, вн.тер.г. муниципальный округ Красносельский, пер Даев, д. 20 (Бизнес-центр «Daev Plaza»)",,"8 (4855) 290803, 8 (4855) 290700, 8 (4855) 290703, 8 (4855) 290707, 8 (4855) 290712, 8 (4855) 290722, 8 (4855) 290725, 8 (4855) 290736, 8 (4855) 290738, 8 (4855) 290739, 8 (4855) 290741, 8 (4855) 290800, 8 (4855) 290804, 8 (4855) 290806, 8 (4855) 290808",По запросу,,,r-kompleks.ru,,,,,,,,,,Торговля оптовая неспециализированная,,,,,2227660000,61987000,390,100000,,,,,,,,,,,Крупные предприятия,,,,,,,new,new,,none,,,3c8a9867-810f-441f-b9f4-3e6b2803a4c6,0,,,,False,2026-05-22 11:40:25.552951+00:00,2026-05-25 07:19:14.839692+00:00
4935aff7-94b7-4493-a7f0-7c020c352fb3,5027169500,1105027015268,,12300 - Общества с ограниченной ответственностью,2010-12-24,"АНТИКОР ПОЛИМЕР, ООО",Московская область,,"140054, Московская обл., г. Котельники, шоссе Дзержинское, д. 4",,"8 (4912) 245292, 8 (4912) 307381, 8 (903) 0154239, 8 (903) 2338653, 8 (903) 9787621, 8 (916) 2827444, 8 (926) 3968323, 8 (926) 4324270, 8 (926) 5932400, 8 (926) 5957443",По запросу,,,,,,,,,,,,,Торговля оптовая неспециализированная,,,,,2233078000,110483000,27,10000,,,,,,,,,,,Крупные предприятия,,,,,,,new,new,,none,,,3c8a9867-810f-441f-b9f4-3e6b2803a4c6,0,,,,False,2026-05-22 11:40:25.552951+00:00,2026-05-25 07:19:14.839692+00:00
20880c73-2594-4b9c-87ba-a26eec032f67,5024129299,1125024004742,,12300 - Общества с ограниченной ответственностью,2012-06-27,"ЦЕМЦЕНТР, ООО",Московская область,,"143402, Московская обл., г. Красногорск, ул. Почтовая, д. 3 офис 8 (Бизнес-центр на Ул. Почтовая, 3)",,8 (495) 1238220,По запросу,,,цемцентр.рф,,,,,,,,,,Торговля оптовая неспециализированная,,,,,1854302000,27900000,15,100000,,,,,,,,,,,Крупные предприятия,,,,,,,new,new,,none,,,3c8a9867-810f-441f-b9f4-3e6b2803a4c6,0,,,,False,2026-05-22 11:40:25.552951+00:00,2026-05-25 07:20:11.204982+00:00
860b920b-cc8f-44fa-9070-3edb9ea9f86e,7718887984,1127746406842,,12300 - Общества с ограниченной ответственностью,2012-05-25,"ПАРТНЕР-ЭЛЕКТРО, ООО",Москва,,"107497, г. Москва, ул. Монтажная, д. 3 этаж 5 пом. 6 ком. 51 (Бизнес-центр «Sorus Hall»)",,"8 (495) 2236017, 8 (495) 9332381",По запросу,,,part-el.ru,,,,,,,,,,Торговля оптовая неспециализированная,,,,,2032285000,7681000,13,150000,,,,,,,,,,,Средние предприятия,,,,,,,new,new,,none,,,3c8a9867-810f-441f-b9f4-3e6b2803a4c6,0,,,,False,2026-05-22 11:40:25.552951+00:00,2026-05-25 07:20:41.259794+00:00
95a4dc36-1f5c-429b-a99a-c1b34a8e48eb,7722198850,1037739196890,,12267 - Непубличные акционерные общества,2000-03-02,"АВИТРОНИК, ЗАО",Москва,,"115088, г. Москва, ул. 2-Я Машиностроения, д. 25 стр. 1",,"8 (495) 9748762, 8 (495) 7251410, 8 (495) 9742571",По запросу,,,avitronic.ru,,,,,,,,,,Торговля оптовая неспециализированная,,,,,2254328000,200348000,20,10000,,,,,,,,,,,Крупные предприятия,,,,,,,new,new,,none,,,3c8a9867-810f-441f-b9f4-3e6b2803a4c6,0,,,,False,2026-05-22 11:41:11.579890+00:00,2026-05-25 07:27:28.789896+00:00
4be68f10-b08f-4533-84aa-eaced823d889,7743719140,5087746613675,,12300 - Общества с ограниченной ответственностью,2008-12-18,"СЕГУРА ЦЕНТР, ООО",Московская область,,"141031, Московская обл., г. Мытищи, шоссе Осташковское стр. 19/1 офис 1",,"8 (495) 2336205, 8 (495) 7822014",По запросу,,,,,,,,,,,,,Торговля оптовая неспециализированная,,,,,2622068000,50152000,45,20000,,,,,,,,,,,Крупные предприятия,,,,,,,new,new,,none,,,3c8a9867-810f-441f-b9f4-3e6b2803a4c6,0,,,,False,2026-05-22 11:40:25.552951+00:00,2026-05-25 07:21:10.849643+00:00
ab2bbf38-7409-4f14-838b-a4f5ee05e00b,7728674939,5087746322274,,12300 - Общества с ограниченной ответственностью,2008-10-29,"РОКАДА, ООО",Москва,,"107076, г. Москва, пер. Колодезный, д. 3 стр. 25 офис 5209 (Бизнес-центр «Бизнес Сквер»)",,"8 (495) 4170064, 8 (495) 4170445, 8 (495) 7234237, 8 (499) 1256477, 8 (499) 3914887",По запросу,,,"kskl.ru, rlogic.ru",,,,,,,,,,Торговля оптовая неспециализированная,,,,,2197035000,14553000,155,10000,,,,,,,,,,,Крупные предприятия,,,,,,,new,new,,none,,,3c8a9867-810f-441f-b9f4-3e6b2803a4c6,0,,,,False,2026-05-22 11:40:47.855447+00:00,2026-05-25 07:21:59.681314+00:00
4be34b2f-8c82-4701-a71a-e54ffe91411c,7733547982,1057747610590,,12300 - Общества с ограниченной ответственностью,2005-07-28,"АЙМОЛ ЛУБРИКАНТС, ООО",Москва,,"127434, г. Москва, ул. Большая Академическая, д. 44К2 пом. 28Б",,"8 (495) 6020174, 8 (499) 2680635, 8 (925) 0029390, 8 (926) 5220445, 8 (926) 5220745",По запросу,,,aimol.ru,,,,,,,,,,Торговля оптовая неспециализированная,,,,,2778314000,43693000,35,45810000,,,,,,,,,,,Средние предприятия,,,,,,,new,new,,none,,,3c8a9867-810f-441f-b9f4-3e6b2803a4c6,0,,,,False,2026-05-22 11:40:47.855447+00:00,2026-05-25 07:23:20.383081+00:00
710fbaa5-23fa-4049-a300-8cee0cc8c0fb,7701327430,1037701014658,,12300 - Общества с ограниченной ответственностью,2003-03-06,"ТЕХНОЛОГИЯ ПИТАНИЯ, ООО",Москва,,"117623, г. Москва, ул. 2-Я Мелитопольская, д. 21 к. 2 этаж 1 пом. Х ком. 1 офис 27",,8 (495) 5405723,79775330615,,,,,,,,,,,,,"Торговля оптовая неспециализированная пищевыми продуктами, напитками и табачными изделиями",,,,,1786822000,84426000,24,10000,,,,,,,,,,,Средние предприятия,,,,,,,new,new,,none,,,3c8a9867-810f-441f-b9f4-3e6b2803a4c6,0,,,,False,2026-06-23 13:36:46.967041+00:00,2026-06-23 13:36:46.967041+00:00
573361c4-bed1-4783-8a9d-c52a0d1e2c78,5008051888,1095047008540,,12300 - Общества с ограниченной ответственностью,2009-09-04,"ВИЗОР, ООО",Московская область,,"141401, Московская обл, г.о. Химки, г Химки, ул Жуковского, д. 10, помещ. 33 (Бизнес-центр на Ул. Жуковского, 10)",,"8 (495) 7251058, 8 (495) 9676576, 8 (925) 0244585",По запросу,,,,,,,,,,,,,Торговля оптовая неспециализированная,,,,,1714657000,-18167000,98,10000,,,,,,,,,,,Средние предприятия,,,,,,,new,new,,none,,,3c8a9867-810f-441f-b9f4-3e6b2803a4c6,0,,,,False,2026-05-25 07:24:50.884200+00:00,2026-05-25 07:24:50.884200+00:00
166382b1-0467-4f17-baf0-dfb7ce896fc2,5001134630,1205000053202,,12300 - Общества с ограниченной ответственностью,2020-07-06,"ПОЛИХИМ, ООО",Московская область,,"141143, Московская обл, г.о. Щёлково, д Медвежьи Озёра, д. 151, офис 23",,,79264507378,,,,,,,,,,,,,Торговля оптовая неспециализированная,,,,,1916529000,28847000,21,1000000,,,,,,,,,,,Средние предприятия,,,,,,,new,new,,none,,,3c8a9867-810f-441f-b9f4-3e6b2803a4c6,0,,,,False,2026-06-23 15:55:59.541283+00:00,2026-06-23 15:55:59.541283+00:00
5cfa02cc-0900-46e4-a32b-00ecc49ce343,7723485960,5167746307450,,12300 - Общества с ограниченной ответственностью,2016-11-08,"ГРОУТЭК, ООО",Москва,,"109548, г. Москва, вн.тер.г. муниципальный округ Печатники, ул Шоссейная, д. 24/7",,8 (499) 1790266,По запросу,,,,,,,,,,,,,Торговля оптовая неспециализированная,,,,,1796235000,137992000,13,10000,,,,,,,,,,,Средние предприятия,,,,,,,new,new,,none,,,3c8a9867-810f-441f-b9f4-3e6b2803a4c6,0,,,,False,2026-05-22 11:41:11.579890+00:00,2026-05-25 07:27:28.789896+00:00
cdef453c-ee56-4f07-827e-b437f6c2f7df,7729111311,1027739800560,,12300 - Общества с ограниченной ответственностью,1995-01-26,"ЭМСИ, ООО",Москва,,"127299, г. Москва, ул. Космонавта Волкова, д. 7 пом. I",,"8 (499) 1509800, 8 (495) 4199914, 8 (499) 1509462, 8 (499) 1596119",По запросу,,,www.pristavka.com,,,,,,,,,,Торговля оптовая неспециализированная,,,,,1880142000,227232000,49,2000000,,,,,,,,,,,Крупные предприятия,,,,,,,new,new,,none,,,3c8a9867-810f-441f-b9f4-3e6b2803a4c6,0,,,,False,2026-05-22 11:41:11.579890+00:00,2026-05-25 07:27:28.789896+00:00
d0710dbe-895d-4c50-8926-a89446fdfb01,7731486999,1147748011730,,12300 - Общества с ограниченной ответственностью,2014-12-11,"ПРОМ-УПАК, ООО",Московская область,,"142300, Московская обл, м.о. Чехов, г Чехов, ш Симферопольское, д. 2, ком. 20",,8 (499) 6425642,По запросу,,,promupac.ru,,,,,,,,,,Торговля оптовая неспециализированная,,,,,1687316000,38980000,13,20000,,,,,,,,,,,Средние предприятия,,,,,,,new,new,,none,,,3c8a9867-810f-441f-b9f4-3e6b2803a4c6,0,,,,False,2026-05-22 11:41:11.579890+00:00,2026-05-25 07:28:13.481925+00:00
6a7b0a2b-efcf-492f-827c-dd173745651c,2130057058,1092130004878,,12300 - Общества с ограниченной ответственностью,2009-04-29,"ПОЛИВЕРС КЕМИКАЛ, ООО",Чувашская Республика-Чувашия,l-110272@yandex.ru,"428903, Чувашская Республика - Чувашия, г. Чебоксары, проспект И.Я.Яковлева, д. 13 офис 18",,"8 (905) 3402556, 8 (964) 7890197",79251884641,,l-110272@yandex.ru,,,,,,,,,,,Торговля оптовая неспециализированная,,,,,2216857000,283623000,10,22000,,,,,,,,,,,Крупные предприятия,,,,,,,new,new,,none,,,3c8a9867-810f-441f-b9f4-3e6b2803a4c6,0,,,,False,2026-06-23 12:29:20.987219+00:00,2026-06-24 08:25:59.337004+00:00
1fed9c9b-98ac-4def-b1c2-bff809bd51ff,3906091690,1023900991619,,12300 - Общества с ограниченной ответственностью,2001-11-23,"ЮРИНАТ БТД, ООО",Калининградская область,,"236003, Калининградская обл., г. Калининград, ул. Ялтинская, д. 44 пом. 28",,"8 (401) 2575577, 8 (906) 2377801, 8 (401) 2355435, 8 (401) 2457346, 8 (401) 2575553",79062377801,,"oafonkina@yurinat.ru, thatova@yurinat.ru",,,,,,,,,,,Торговля оптовая неспециализированная,,,,,1990046000,275000,76,10000,,,,,,,,,,,Средние предприятия,,,,,,,new,new,,none,,,3c8a9867-810f-441f-b9f4-3e6b2803a4c6,0,,,,False,2026-06-25 12:32:59.856503+00:00,2026-06-25 12:32:59.856503+00:00
e1bd0f96-19d8-40d1-a351-988bc8a2cdf6,6102061451,1146181002758,,12300 - Общества с ограниченной ответственностью,2014-09-02,"МИЛЕНД, ООО",Ростовская область,,"346720, Ростовская обл, м.р-н Аксайский, г.п. Аксайское, г Аксай, ул Шолохова, зд. 1Б",,8 (918) 5545412,79185545412,,,,,,,,,,,,,Торговля оптовая неспециализированная,,,,,1860054000,81493000,99,10000,,,,,,,,,,,Средние предприятия,,,,,,,new,new,,none,,,3c8a9867-810f-441f-b9f4-3e6b2803a4c6,0,,,,False,2026-06-23 13:36:46.967041+00:00,2026-06-23 13:36:46.967041+00:00
96a8136c-ac1f-4817-bc29-2dc52b277443,3666237495,1193668026441,,12300 - Общества с ограниченной ответственностью,2019-07-11,"ФКЛ, ООО",Воронежская область,natali@rusfkl.ru,"394088, Воронежская обл., г.о. город Воронеж, г. Воронеж, ул. Новгородская, д. 121, офис 1",,,79805550505,,natali@rusfkl.ru,,,,,,,,,,,Торговля оптовая неспециализированная,,,,,1928830000,497117000,21,45000,,,,,,,,,,,Средние предприятия,,,,,,,new,new,,none,,,3c8a9867-810f-441f-b9f4-3e6b2803a4c6,0,,,,False,2026-06-23 12:20:21.274448+00:00,2026-06-24 08:20:39.279186+00:00
74e6668f-e750-4548-962e-fa24634b0542,5836692265,1195835018158,,12300 - Общества с ограниченной ответственностью,2019-12-05,"ПТК, ООО",Пензенская область,obedinal@yandex.ru,"440026, Пензенская обл., г.о. город Пенза, г. Пенза, ул. Московская/Кураева, д. 36/8",,8 (937) 4489909,79374488852,,obedinal@yandex.ru,ptk-trade.ru,,,,,,,,,,Торговля оптовая неспециализированная,,,,,2681541000,149373000,110,10000,,,,,,,,,,,Крупные предприятия,,,,,,,new,new,,none,,,3c8a9867-810f-441f-b9f4-3e6b2803a4c6,0,,,,False,2026-06-23 12:53:33.857640+00:00,2026-06-24 08:42:16.810086+00:00
bc906d1a-bd4a-40b6-9fef-9526ba847a5f,2204030790,1072204005367,,12300 - Общества с ограниченной ответственностью,2007-03-21,"ТД БЭСТ ФРУТ, ООО",Алтайский край,"irina@best.biysk.ru, malygina@best.diysk.ru, malygina@bestfrut.com, site@best.biysk.ru, torgi@best.biysk.ru","659314, Алтайский кр., г. Бийск, ул. Ефима Мамонтова, д. 22",,"8 (3854) 304030, 8 (961) 9772684, 8 (3854) 324075, 8 (3854) 324488, 8 (3854) 350741, 8 (3854) 350742",79132122121,,"irina@best.biysk.ru, malygina@best.diysk.ru, malygina@bestfrut.com, site@best.biysk.ru, torgi@best.biysk.ru",,,,,,,,,,,"Торговля оптовая неспециализированная пищевыми продуктами, напитками и табачными изделиями",,,,,2000686000,24933000,124,10000,,,,,,,,,,,Крупные предприятия,,,,,,,new,new,,none,,,3c8a9867-810f-441f-b9f4-3e6b2803a4c6,0,,,,False,2026-06-23 16:17:48.232264+00:00,2026-06-24 13:33:44.232693+00:00
175a1919-93fe-4207-93cf-a7cad8920b50,2536291108,1162536050148,,12300 - Общества с ограниченной ответственностью,2016-01-18,"ГК ДВИЖЕНИЕ, ООО",Приморский край,uss_dp@mail.ru,"690012, Приморский край, г.о. Владивостокский, г Владивосток, ул Дубовая, д. 10В, офис 1-24",,"8 (908) 9938593, 8 (4234) 338301, 8 (4234) 338388",79089938593,,uss_dp@mail.ru,,,,,,,,,,,Торговля оптовая неспециализированная,,,,,2230339000,15376000,118,10000,,,,,,,,,,,Крупные предприятия,,,,,,,new,new,,none,,,3c8a9867-810f-441f-b9f4-3e6b2803a4c6,0,,,,False,2026-06-23 17:50:52.869234+00:00,2026-06-24 17:51:06.593830+00:00
fc9b306a-7e32-4e00-a742-9edaf3abae05,7810801555,1107847312870,,12300 - Общества с ограниченной ответственностью,2010-09-22,"ЛДМ СТАЛЬ, ООО",Ленинградская область,,"188501, Ленинградская обл., Ломоносовский район, д. Низино, ул. Промышленная, д. 5",,,79626858866,,,,,,,,,,,,,Торговля оптовая неспециализированная,,,,,2379465000,206352000,50,10000,,,,,,,,,,,Крупные предприятия,,,,,,,new,new,,none,,,3c8a9867-810f-441f-b9f4-3e6b2803a4c6,0,,,,False,2026-06-23 12:39:12.709521+00:00,2026-06-23 12:39:12.709521+00:00
620dc351-1897-4791-9e1a-debc0c236281,9701082150,1177746700548,,12300 - Общества с ограниченной ответственностью,2017-07-14,"ЕСК, ООО",Москва,,"105082, г. Москва, пл. Спартаковская, д. 14 стр. 4 ком. 1",,"8 (499) 1105008, 8 (983) 6200008",По запросу,,tvu@esc.group,https://esc.group/,,,,,,,,,,Торговля оптовая неспециализированная,10.51,,,,10870321000,-18000,2,1000000,,,Не установлено в рамках автоматического скрининга,,,,,,,,Крупные предприятия,,,,,,,new,new,,none,,,3c8a9867-810f-441f-b9f4-3e6b2803a4c6,0,,,,False,2026-05-22 11:40:25.552951+00:00,2026-06-15 08:32:05.591490+00:00
186ea3ba-53d9-4287-a0bd-f85c770871ad,6140004302,1166196079390,,12300 - Общества с ограниченной ответственностью,2016-05-31,"ПРОКСИМА, ООО ТД",Ростовская область,sys@proksima.ru,"346780, Ростовская обл., г. Азов, шоссе Кагальницкое, д. 7",,"8 (8632) 850081, 8 (86342) 67695",79282263591,,sys@proksima.ru,,,,,,,,,,,Торговля оптовая неспециализированная,,,,,2234725000,237301000,74,10000,,,,,,,,,,,Крупные предприятия,,,,,,,new,new,,none,,,3c8a9867-810f-441f-b9f4-3e6b2803a4c6,0,,,,False,2026-06-23 12:35:33.950775+00:00,2026-06-24 08:31:42.226371+00:00
2ccbcadc-b681-40d9-af5b-bc449f35721d,4028054476,1134028001579,,12300 - Общества с ограниченной ответственностью,2013-06-26,"ПАНДОРА ТРЕЙД, ООО",Калужская область,t@alarmtrade.ru,"248010, Калужская обл., г. Калуга, ул. Железняки, зд. 10 к. 5",,"8 (495) 9813478, 8 (495) 9813479, 8 (800) 7001718",79206179491,,t@alarmtrade.ru,pandorainfo.ru,,,,,,,,,,Торговля оптовая неспециализированная,,,,,2497761000,133612000,73,10000,,,,,,,,,,,Крупные предприятия,,,,,,,new,new,,none,,,3c8a9867-810f-441f-b9f4-3e6b2803a4c6,0,,,,False,2026-06-23 13:01:31.170704+00:00,2026-06-24 08:47:53.665086+00:00
28cf8d31-6dac-40a5-8e03-773b25bfff20,7751169405,1197746544005,,12300 - Общества с ограниченной ответственностью,2019-09-04,"КАПИТАЛ, ООО",Москва,foodpack24@mail.ru,"117393, г. Москва, вн.тер.г. муниципальный округ Обручевский, ул Профсоюзная, д. 56, помещ. 1/7 (Торгово-офисный центр «Черемушки (Cherry Tower)»)",,,79258743455,,foodpack24@mail.ru,,,,,,,,,,,Торговля оптовая неспециализированная,,,,,2147752000,197952000,22,30000,,,,,,,,,,,Крупные предприятия,,,,,,,new,new,,none,,,3c8a9867-810f-441f-b9f4-3e6b2803a4c6,0,,,,False,2026-06-23 12:39:12.709521+00:00,2026-06-24 08:33:55.052085+00:00
0e35189d-d879-4427-a762-789b8ed718e4,5050128710,1165050055785,,12300 - Общества с ограниченной ответственностью,2016-11-07,"КАРГО-ТРЕЙД, ООО",Москва,,"129090, г. Москва, вн.тер.г. муниципальный округ Мещанский, пр-кт Мира, д. 26, стр. 1 (Бизнес-центр «Аптекарский огород»)",,"8 (495) 2225700, 8 (906) 7047574, 8 (968) 0736703",79057077616,,,,,,,,,,,,,Торговля оптовая неспециализированная замороженными пищевыми продуктами,,,,,1781543000,67988000,4,100000,,,,,,,,,,,Средние предприятия,,,,,,,new,new,,none,,,3c8a9867-810f-441f-b9f4-3e6b2803a4c6,0,,,,False,2026-06-23 14:00:06.325423+00:00,2026-06-23 14:00:06.325423+00:00
8fa62898-8792-467c-9028-17374996278a,7806326709,1057813017085,,Общества с ограниченной ответственностью,2005-11-29,"АЛИДИ ПРОФ, ООО",Воронежская область,,"394014, Воронежская обл., г. Воронеж, ул. Лебедева, д. 10 офис 4",,"8 (963) 6241020, 8 (965) 7656516, 8 (812) 7272777, 8 (962) 7272777",,,"leonenko.sv@alidi.ru, petrova.gb@alidi.ru",www.alidi.ru,,,,,,,,,,"Торговля оптовая неспециализированная пищевыми продуктами, напитками и табачными изделиями",46.39,,,,2317699000,6214000,101,310000,,"XX,XXмлн. ₽",,,,,,,,,,,,,,,,new,new,,none,,,3c8a9867-810f-441f-b9f4-3e6b2803a4c6,0,,,,False,2026-05-22 06:43:41.980952+00:00,2026-05-22 06:43:41.980952+00:00
76988ae2-8493-4974-add0-bbaf4d5e7f58,7810104787,1027804880168,,Общества с ограниченной ответственностью,1996-10-22,"ТОРГОВЫЙ ДОМ ТАЛОСТО, ООО",Санкт-Петербург,,"196105, г. Санкт-Петербург, ул. Кузнецовская, д. 52",,"8 (812) 3276611, 8 (495) 4190042, 8 (495) 6761142, 8 (495) 6765175, 8 (812) 3276622, 8 (812) 3872296, 8 (812) 3874611, 8 (812) 3882296, 8 (812) 3884207, 8 (812) 3886175, 8 (812) 6003810, 8 (812) 6003870, 8 (812) 6003879, 8 (928) 1892255",,,baeva_ma@mail.ru,talosto.ru,,,,,,,,,,Торговля оптовая неспециализированная замороженными пищевыми продуктами,46.39.1,,,,3652672000,29501000,180,71500,,,"X,XXмлн. ₽",,,,,,,,,,,,,,,new,new,,none,,,3c8a9867-810f-441f-b9f4-3e6b2803a4c6,0,,,,False,2026-05-22 06:43:43.118205+00:00,2026-05-22 06:43:43.118205+00:00
c13752a3-6c9b-4f1b-a3f6-d26d513008c6,6150090967,1156196064287,,,,"ДНК, ООО",Ростовская область,,,,,,,,,,,,,,,,,,Торговля оптовая неспециализированная,,,,,2774859000,,,,,,Не установлено в рамках автоматического скрининга,,,,,,,,,,,,,,,new,new,,none,,,3c8a9867-810f-441f-b9f4-3e6b2803a4c6,0,,,,False,2026-06-15 08:32:05.591490+00:00,2026-06-15 08:32:05.591490+00:00
edf88d50-6812-4a68-ab32-3a79d5bf2ee3,7814412486,1089847270402,,Общества с ограниченной ответственностью,2008-09-07,"КАРЬЕР-СЕРВИС, ООО",Санкт-Петербург,,"197022, г. Санкт-Петербург, ул. Инструментальная, д. 3 литера Б пом. 15Н ком. 7",,"8 (921) 5890889, 8 (384) 2657391, 8 (421) 2942727, 8 (499) 2724406, 8 (800) 7004406, 8 (812) 4494403, 8 (812) 4494406, 8 (8142) 591115, 8 (8313) 249224",,,"info@qsspb.ru, info@quarryservice.ru, kryukova@qsspb.ru, qs.tend@qsspb.ru","https://qsgrp.com/spb/, www.qsgrp.com, www.quarryservice.ru",,,,,,,,,,Торговля оптовая неспециализированная,46.90,,,,4922449000,568369000,386,150000,,"XXX,XXмлн. ₽",,,,,,,,,,,,,,,,new,new,,none,,,3c8a9867-810f-441f-b9f4-3e6b2803a4c6,0,,,,False,2026-05-22 06:43:44.230590+00:00,2026-05-22 06:43:44.230590+00:00
c43a680e-bd79-434d-9025-53395d3bf5ca,7842001015,1037869001565,,Общества с ограниченной ответственностью,2003-04-08,"ПОСМОТЕКА, ООО",Санкт-Петербург,,"192177, г. Санкт-Петербург, проезд 3-Й Рыбацкий, д. 3 литера Е пом. 4Н",,"8 (495) 6041102, 8 (812) 3266995, 8 (903) 6713088",,,"antipova_t@pvg.ru, krasilnikova_e@pvg.ru, maslennikova_l@pvg.ru, pvg@pvg.ru",pvg.ru,,,,,,,,,,Торговля оптовая неспециализированная,46.9,,,,2066531000,8999000,14,222500,,,"XX,XXмлн. ₽",,,,,,,,,,,,,,,new,new,,none,,,3c8a9867-810f-441f-b9f4-3e6b2803a4c6,0,,,,False,2026-05-22 06:43:45.283233+00:00,2026-05-22 06:43:45.283233+00:00
e615d8f4-82f6-4ac2-9b12-4c0becbda26e,9709040338,5187746018279,,Общества с ограниченной ответственностью,2018-12-21,"КОМПЛЕКТ АЙС, ООО",Москва,,"129272, г. Москва, ул. Сущёвский Вал, д. 64 этаж 1 пом. II ком. 7",,"8 (913) 7203399, 8 (800) 5519055",,,rgv@coldstore.ru,www.coldstore.ru,,,,,,,,,,Торговля оптовая неспециализированная,46.90,,,,2614944000,307979000,123,40000,,"XXX,XXмлн. ₽",,,,,,,,,,,,,,,,new,new,,none,,,3c8a9867-810f-441f-b9f4-3e6b2803a4c6,0,,,,False,2026-05-22 06:43:46.359385+00:00,2026-05-22 06:43:46.359385+00:00
a7b77207-ef33-4448-98c6-66ea441c4f84,7802746967,1117847129058,,,,"НПО ПРОМТРАНСИЗДЕЛИЯ, ООО",Санкт-Петербург,,,,,,,,npopti.ru,,,,,,,,,,Торговля оптовая неспециализированная,,,,,1684468000,,,,,,Не установлено в рамках автоматического скрининга,,,,,,,,,,,,,,,new,new,,none,,,3c8a9867-810f-441f-b9f4-3e6b2803a4c6,0,,,,False,2026-06-15 08:39:11.170120+00:00,2026-06-15 08:39:11.170120+00:00
8b021593-8978-4de6-992e-0b5ba7b46680,7451436836,1187456040320,,,,"РК-СЕРВИС, ООО",Челябинская область,,,,,,,,,,,,,,,,,,Торговля оптовая неспециализированная,,,,,1830197000,,,,,,Не установлено в рамках автоматического скрининга,,,,,,,,,,,,,,,new,new,,none,,,3c8a9867-810f-441f-b9f4-3e6b2803a4c6,0,,,,False,2026-06-15 08:39:11.170120+00:00,2026-06-15 08:39:11.170120+00:00
ac5fe798-1a10-468b-a8e3-3f3e7e9038d4,7839413925,1097847330547,,12300 - Общества с ограниченной ответственностью,2009-11-19,"ЛАЛЛЕМАНД ДРОЖЖИ, ООО",Санкт-Петербург,,"196246, г. Санкт-Петербург, проспект Дунайский, д. 13 к. 1 литера А пом. 236",,"8 (499) 2534190, 8 (812) 4498259, 8 (812) 7034850",79852316331,,,"lallemand.ru, www.lallemandanimalnutrition.com",,,,,,,,,,Торговля оптовая неспециализированная,,,,,2062567000,298895000,24,10000,,,,,,,,,,,Крупные предприятия,,,,,,,new,new,,none,,,3c8a9867-810f-441f-b9f4-3e6b2803a4c6,0,,,,False,2026-06-23 12:29:20.987219+00:00,2026-06-23 12:29:20.987219+00:00
413525ca-0434-47cf-aabe-2b573a497c9c,7733324866,5177746346696,,12300 - Общества с ограниченной ответственностью,2017-12-19,"АВИАПАРТС, ООО",Московская область,"info@aviaparts.su, mss@aviaparts.su, trade@aviaparts.su","141031, Московская обл., г. Мытищи, пос. Нагорное, ул. Центральная, владение 3 стр. 1 пом. 10",,"8 (495) 4071859, 8 (495) 4071759, 8 (926) 8568334",По запросу,,"info@aviaparts.su, mss@aviaparts.su, trade@aviaparts.su",авиапартс.рф,,,,,,,,,,Торговля оптовая неспециализированная,46.90,,,,1663325000,749262000,9,1000000,,хххх руб.,,,,,,,,,Средние предприятия,,,,,,,new,new,,none,,,3c8a9867-810f-441f-b9f4-3e6b2803a4c6,0,,,,False,2026-05-22 11:21:49.227659+00:00,2026-06-23 12:20:21.274448+00:00
827a1a8d-a5bb-43c3-8801-dcd952bb2d15,9709033965,1187746653841,,12300 - Общества с ограниченной ответственностью,2018-07-09,"ТОРГОВАЯ КОМПАНИЯ АЙС СТАР, ООО",Москва,,"109147, г. Москва, вн.тер.г. муниципальный округ Таганский, ул Марксистская, д. 20, стр. 8, этаж 3, помещ. 14",,"8 (495) 9791818, 8 (901) 5466923, 8 (925) 2413644",79652360980,,,,,,,,,,,,,"Торговля оптовая неспециализированная пищевыми продуктами, напитками и табачными изделиями",,,,,2267054000,101918000,23,16670,,,,,,,,,,,Крупные предприятия,,,,,,,new,new,,none,,,3c8a9867-810f-441f-b9f4-3e6b2803a4c6,0,,,,False,2026-06-23 13:20:04.507320+00:00,2026-06-23 13:20:04.507320+00:00
14a4f3a5-46b9-4fe0-b348-8d0f69b75b23,5405499475,1145476092123,,12300 - Общества с ограниченной ответственностью,2014-07-24,"СТРОЙКОНТИНЕНТ, ООО",Новосибирская область,st.23.ooo@yandex.ru,"630114, Новосибирская обл., г. Новосибирск, ул. Ключ-Камышенское Плато, д. 10/2 этаж ЦОКОЛЬНЫЙ",,8 (383) 3048622,По запросу,,st.23.ooo@yandex.ru,,,,,,,,,,,Торговля оптовая неспециализированная,46.90,,,,2361536000,3439000,614,20000,,,,,,,,,,,Микропредприятия,,,,,,,new,new,,none,,,3c8a9867-810f-441f-b9f4-3e6b2803a4c6,0,,,,False,2026-05-22 10:43:24.486932+00:00,2026-05-25 06:43:16.598072+00:00
b8673b6d-d4b3-4fa3-9ce4-6b7248b677d5,5027296562,1215000052178,,,,"БЕЛЛОГИСТИК, ООО",Красноярский край,,,,,,,,,,,,,,,,,,Торговля оптовая неспециализированная,,,,,2294539000,,,,,,Не установлено в рамках автоматического скрининга,,,,,,,,,,,,,,,new,new,,none,,,3c8a9867-810f-441f-b9f4-3e6b2803a4c6,0,,,,False,2026-06-15 08:32:05.591490+00:00,2026-06-15 08:32:05.591490+00:00
14dfc88d-89f4-45ed-84cf-fedf6a8e3c9d,7731412806,1117746704899,,12300 - Общества с ограниченной ответственностью,2011-09-07,"ЛИНКГРУПП, ООО",Москва,,"117630, г. Москва, вн.тер.г. муниципальный округ Обручевский, ул Воронцовские Пруды, д. 3, помещ. 1/15П",,"8 (495) 9888919, 8 (495) 9882028, 8 (800) 7000262, 8 (800) 7000264",79852201271,,,,,,,,,,,,,Торговля оптовая неспециализированная,,,,,1656323000,34499000,68,10000000,,,,,,,,,,,Средние предприятия,,,,,,,new,new,,none,,,3c8a9867-810f-441f-b9f4-3e6b2803a4c6,0,,,,False,2026-06-23 15:29:11.441182+00:00,2026-06-23 15:29:11.441182+00:00
54aab2f7-4aed-4ad9-8f19-2556939d71a4,4025413769,1074025005174,,,,"СТИЛЛЕР, ООО",Калужская область,,,,,,,,steeller.ru,,,,,,,,,,Торговля оптовая неспециализированная,,,,,1705074000,,,,,,Не установлено в рамках автоматического скрининга,,,,,,,,,,,,,,,new,new,,none,,,3c8a9867-810f-441f-b9f4-3e6b2803a4c6,0,,,,False,2026-06-15 08:39:11.170120+00:00,2026-06-15 08:39:11.170120+00:00
8ed48445-41d1-40cf-ad97-29c922fd5c90,7709492098,1167746458879,,12300 - Общества с ограниченной ответственностью,2008-09-26,"МИТЛИС, ООО",Москва,e.sil@en.com.ru,"109147, г. Москва, ул. Марксистская, д. 22 стр. 1 офис 515/2 (Бизнес-центр)",,8 (495) 9749762,По запросу,,e.sil@en.com.ru,,,,,,,,,,,Торговля оптовая неспециализированная,,,,,2290819000,176354000,77,10000,,,,,,,,,,,Крупные предприятия,,,,,,,new,new,,none,,,3c8a9867-810f-441f-b9f4-3e6b2803a4c6,0,,,,False,2026-05-22 11:39:27.473122+00:00,2026-06-23 13:24:31.315004+00:00
09ffa043-3583-4bea-bc66-fc1e9893d9e6,7722697633,1097746615658,,12300 - Общества с ограниченной ответственностью,2009-10-13,"ЭНЕРГОСТАЛЬ, ООО",Москва,,"111116, г. Москва, ул. Авиамоторная, д. 6 стр. 8 этаж / пом. / ком. 2/II/10",,"8 (495) 6454462, 8 (916) 2273230",По запросу,,info@energystal.ru,,,,,,,,,,,Торговля оптовая неспециализированная,,,,,1681251000,220798000,15,7000000,,,,,,,,,,,Средние предприятия,,,,,,,new,new,,none,,,3c8a9867-810f-441f-b9f4-3e6b2803a4c6,0,,,,False,2026-05-22 11:39:27.473122+00:00,2026-05-25 07:08:40.909279+00:00
f03c854a-3814-4dae-9cd7-4746a174fdaf,5405052077,1205400005337,,12300 - Общества с ограниченной ответственностью,2020-02-04,"ЭКСПОРТЕР, ООО",Новосибирская область,,"630102, Новосибирская обл, г.о. город Новосибирск, г Новосибирск, ул Восход, д. 26/1, офис 18 (Бизнес-центр «Prostranstvo»)",,"8 (383) 2090022, 8 (913) 0003929",79130003929,,,tkexporter.ru,,,,,,,,,,Торговля оптовая неспециализированная,,,,,2483449000,2502000,39,10000,,,,,,,,,,,Крупные предприятия,,,,,,,new,new,,none,,,3c8a9867-810f-441f-b9f4-3e6b2803a4c6,0,,,,False,2026-06-24 01:18:56.223779+00:00,2026-06-24 01:18:56.223779+00:00
72f93657-9020-4813-a400-84e469e4779f,6670411977,1136670023071,,,,"ЭНЕРГОКОМПЛЕКТ, ООО",Свердловская область,,,,,,,,ekekb.ru,,,,,,,,,,Торговля оптовая неспециализированная,,,,,1829273000,,,,,,Не установлено в рамках автоматического скрининга,,,,,,,,,,,,,,,new,new,,none,,,3c8a9867-810f-441f-b9f4-3e6b2803a4c6,0,,,,False,2026-06-15 08:39:11.170120+00:00,2026-06-15 08:39:11.170120+00:00
2ed4b1bf-d600-4d47-8ce2-26a6b578e2a7,5404079580,1185476075619,,12300 - Общества с ограниченной ответственностью,2018-09-06,"НОРДЛОГИСТИК, ООО",Новосибирская область,nordlogistik@list.ru,"630087, Новосибирская обл., г. Новосибирск, ул. Немировича-Данченко, д. ЗД. 165 офис 611",,"8 (383) 3630239, 8 (383) 3630259",По запросу,,nordlogistik@list.ru,nordlogistic54.ru,,,,,,,,,,"Торговля оптовая неспециализированная пищевыми продуктами, напитками и табачными изделиями",46.39,,,,4527465000,-8251000,37,10000,,,,,,,,,,,Крупные предприятия,,,,,,,new,new,,none,,,3c8a9867-810f-441f-b9f4-3e6b2803a4c6,0,,,,False,2026-05-22 10:41:30.755165+00:00,2026-05-25 06:38:50.436341+00:00
09bfb68b-78ef-4a46-a6d5-2de36d3f2d17,5445108880,1025404724058,,12300 - Общества с ограниченной ответственностью,2002-11-12,"ВИТА ТРЕЙД, ООО",Новосибирская область,vita-trade@mail.ru,"633004, Новосибирская обл., г. Бердск, ул. Химзаводская, д. 9/4",,8 (38341) 58096,По запросу,,vita-trade@mail.ru,,,,,,,,,,,Торговля оптовая неспециализированная,46.90,,,,1722431000,199456000,28,40000,,,,,,,,,,,Крупные предприятия,,,,,,,new,new,,none,,,3c8a9867-810f-441f-b9f4-3e6b2803a4c6,0,,,,False,2026-05-22 10:44:04.452546+00:00,2026-05-25 06:45:08.942758+00:00
6798c10c-bdaa-4ba0-914a-f1949f734e4a,7811401214,1089847105259,,Общества с ограниченной ответственностью,2008-03-17,"СТАУТ, ООО",Санкт-Петербург,,"191144, г. Санкт-Петербург, вн.тер.г. муниципальный округ Смольнинское, ул Моисеенко, д. 41, литера Б, помещ. №4, ЭТАЖ 2, ОФИС 1",,"8 (812) 3656454, 8 (921) 9401530, 8 (812) 3252680, 8 (812) 3255203, 8 (921) 9425204",По запросу,,"eo@staut.su, mail@staut.ru, mail@staut.su",corebaichip.ru,,,,,,,,,,Торговля оптовая неспециализированная,46.90,,,,3017376000,228390000,25,10000,,"X,XXмлрд. ₽",,,,,,,,,Микропредприятия,,,,,,,new,new,,none,,,3c8a9867-810f-441f-b9f4-3e6b2803a4c6,0,,,,False,2026-05-22 06:43:43.118205+00:00,2026-05-22 11:57:14.676658+00:00
b81ecbdd-7bd3-4860-b4a0-ffc5077f6bc9,7838315731,1057810052190,,Общества с ограниченной ответственностью,2005-07-02,"ЭДЕЛЬВЕЙС, ООО",Санкт-Петербург,,"191014, г. Санкт-Петербург, ул. Парадная, д. 9 литера А ком. 31",,8 (812) 7403065,По запросу,,gbux@edlw.ru,terraform.ru,,,,,,,,,,Торговля оптовая неспециализированная,46.90,,,,2922521000,624977000,74,1110000,,"XXX,XXмлн. ₽",,,,,,,,,Микропредприятия,,,,,,,new,new,,none,,,3c8a9867-810f-441f-b9f4-3e6b2803a4c6,0,,,,False,2026-05-22 06:43:45.283233+00:00,2026-05-22 10:38:22.601093+00:00
12896307-83cf-46f4-ac26-016d63d483b9,7709219846,1037739247006,,12300 - Общества с ограниченной ответственностью,1997-05-19,"КОРПОРАЦИЯ ЭНЕРГОМАШЭКСПОРТ, ООО",Москва,,"119002, г. Москва, вн.тер.г. муниципальный округ Хамовники, пер Денежный, д. 7, к. 2, этаж/помещ. 2/III, ком. 12Ж",,"8 (495) 6266783, 8 (495) 9266783, 8 (499) 2463368, 8 (499) 2463405, 8 (495) 1070178, 8 (495) 2463405, 8 (495) 5892742",По запросу,,imm@emeco.ru,"www.emeco.ru, www.nrk-energomash.ru",,,,,,,,,,Торговля оптовая неспециализированная,,,,,2223769000,10915000,49,60000000,,,,,,,,,,,Средние предприятия,,,,,,,new,new,,none,,,3c8a9867-810f-441f-b9f4-3e6b2803a4c6,0,,,,False,2026-05-22 11:39:27.473122+00:00,2026-05-25 07:07:02.157429+00:00
f9e527bd-59d9-4a9d-a8f1-1287cd7ecf64,7724474537,1197746300091,,12300 - Общества с ограниченной ответственностью,2019-04-30,"ТРАЕКТОРИЯ ТЕХНОЛОГИЙ, ООО",Москва,,"115404, г. Москва, вн.тер.г. муниципальный округ Бирюлево Восточное, ул 6-я Радиальная, д. 9",,"8 (499) 2887475, 8 (499) 2887445",По запросу,,info@trctech.ru,trctech.ru,,,,,,,,,,Торговля оптовая неспециализированная,,,,,1931055000,379506000,53,55000,,,,,,,,,,,Средние предприятия,,,,,,,new,new,,none,,,3c8a9867-810f-441f-b9f4-3e6b2803a4c6,0,,,,False,2026-05-22 11:39:45.807759+00:00,2026-05-25 07:13:24.029247+00:00
5fc8a950-a051-4014-af25-9bd6cae4dc38,7708390390,1207700400522,,12300 - Общества с ограниченной ответственностью,2020-10-27,"СТАР ГЕЙТ, ООО",Москва,"info@stargt.ru, stargt@stargt.ru","121467, г. Москва, вн.тер.г. муниципальный округ Кунцево, ул Молдавская, д. 5 (Бизнес-центр «Grandkonsalt»)",,"8 (495) 2525080, 8 (963) 9757279",По запросу,,"info@stargt.ru, stargt@stargt.ru",stgate.ru,,,,,,,,,,Торговля оптовая неспециализированная,,,,,2329457000,47949000,29,1000000,,,,,,,,,,,Крупные предприятия,,,,,,,new,new,,none,,,3c8a9867-810f-441f-b9f4-3e6b2803a4c6,0,,,,False,2026-05-22 11:39:45.807759+00:00,2026-06-24 12:36:52.493473+00:00
