id,inn,ogrn,kpp,org_form,reg_date,name,region,address,actual_address,tax_office,phone,lpr_phone,email,website,linkedin,director,director_title,director_inn,fin_director,contact_person,contact_person_full,citizenship,activity_main,activity_code,activity_other,niche,supply_subject,revenue,profit,employees,capital,balance,import_turnover,export_turnover,import_confirmed,foreign_payments,arbitrage,arbitrage_amount,licenses,registries,msp,size,segment,priority,focus_link,source_orig,branches,comment_static,call_status,next_call_date,assigned_to,call_count,last_called_at,is_deleted,created_at,updated_at
a9a839de-f3f3-4558-bf75-81d0e1baba83,5070014895,1025007331370,502201001,Общества с ограниченной ответственностью,2002-09-18,"БРОЕН, ООО",Московская обл,"140480, Московская обл, г Коломна, с Нижнее Хорошово, ул Николая Птицына, 42","140480, Московская обл., г. Коломна, с. Нижнее Хорошово, ул. Николая Птицына, д. 42",,"+7 (495) 228-11-50
+7 (495) 612-94-78
+7 (495) 645-15-57; 8 (495) 2281153, 8 (495) 6155333, 8 (495) 2281150, 8 (495) 6165128, 8 (495) 6451557, 8 (495) 9810442, 8 (495) 9810443, 8 (49661) 29478, 8 (49661) 55333, 8 (49661) 56621",По запросу,info@broen.ru; klm@broen.ru,ballomax.ru; http://broen.ru,,Пермяков Алексей Владимирович,Генеральный директор,771904816503,,,,,28.14 Производство арматуры трубопроводной (арматуры); Производство арматуры трубопроводной,28.14,"46.74 Торговля оптовая скобяными изделиями, водопроводным и отопительным оборудованием и принадлежностями
33.12 Ремонт машин и оборудования
46.69.9 Торговля оптовая прочими машинами, приборами, аппаратурой и оборудованием общепромышленного и специального назначения
46.74.2 Торговля оптовая водопроводным и отопительным оборудованием и санитарно-технической арматурой
46.90 Торговля оптовая неспециализированная
47.9 Торговля розничная вне магазинов, палаток, рынков
47.99 Торговля розничная прочая вне магазинов, палаток, рынков
52.10 Деятельность по складированию и хранению","46.74 Торговля оптовая скобяными изделиями, водопроводным и отопительным оборудованием и принадлежностями
33.12 Ремонт машин и оборудования
46.69.9 Торговля оптовая прочими машинами, приборами, аппаратурой и оборудованием общепромышленного и специального назначения
46.74.2 Торговля оптовая водопроводным и отопительным оборудованием и санитарно-технической арматурой
46.90 Торговля оптовая неспециализированная
47.9 Торговля розничная вне магазинов, палаток, рынков
47.99 Торговля розничная прочая вне магазинов, палаток, рынков
52.10 Деятельность по складированию и хранению",,1412957000,96378000,136,12118000,1824289000,"XXX,XXмлн. ₽","XXX,XXмлн. ₽",,,0,,"Эксплуатация взрывопожароопасных и химически опасных производственных объектов I, II и III классов опасности
Эксплуатация взрывопожароопасных производственных объектов",,Не входит,Средние предприятия,"""Экспортёры и импортёры"" — из шаблона",,Открыть в Фокусе,Контур.Поиск клиентов,"Филиал по адресу 109129, г Москва, ул Текстильщиков 8-я, 11, КПП 772303001; 1.0",,refused,,33b3663f-dd6e-4416-9416-86d73e275ae4,1,2026-05-26 10:13:47.299778+00:00,False,2026-05-22 06:43:20.003474+00:00,2026-05-26 10:13:47.299778+00:00
28f1e8fd-8a06-4e98-83f3-76f858a5cf42,6616000619,1026601154986,,Непубличные акционерные общества,1992-04-11,"КЗТС, АО",Свердловская область,,"624140, Свердловская обл., г. Кировград, ул. Свердлова, д. 26 к. А",,"8 (34357) 98211, 8 (34357) 98270, 8 (34357) 98093, 8 (34357) 98229, 8 (34357) 31646, 8 (34357) 42000, 8 (34357) 98084, 8 (34357) 98127, 8 (34357) 98129, 8 (34357) 98136, 8 (34357) 98198, 8 (34357) 98220, 8 (34357) 98249, 8 (34357) 98299, 8 (34357) 98736",По запросу,"bulavina@kzts.ru, postmaster@kzts.ru, tender@kzts.ru",www.kzts.ru,,,,,,,,,Производство прочих цветных металлов,24.45,,,,5219380000,387289000,1345,13673920,,"XXX,XXмлн. ₽","X,Xмлн. ₽",,,,,,,,,,,,,,,refused,,33b3663f-dd6e-4416-9416-86d73e275ae4,1,2026-05-26 11:40:45.459987+00:00,False,2026-05-22 06:43:27.751991+00:00,2026-05-26 11:40:45.459987+00:00
81c39ecf-4ebb-4ef9-a221-3922ed1dff0a,9701192554,1217700629497,,Общества с ограниченной ответственностью,2021-12-22,"ГЕФЕСТ АГРО, ООО",Москва,,"105066, г. Москва, вн.тер.г. муниципальный округ Басманный, ул Нижняя Красносельская, д. 35, стр. 9, этаж 7, ком./офис 1/5",,8 (800) 5502600,,"ceo@gefestagro.ru, law@gefestagro.ru",gefestagro.ru,,,,,,,,,Торговля оптовая зерном,46.21.11,,,,7243988000,83250000,14,50000000,,"XX,XXмлн. ₽","X,XXмлрд. ₽",,,,,,,,,,,,,,,refused,,33b3663f-dd6e-4416-9416-86d73e275ae4,1,2026-05-26 10:14:02.350245+00:00,False,2026-05-22 06:43:46.359385+00:00,2026-05-26 10:14:02.350245+00:00
54390b58-78cb-4119-945f-bfe58a6cab14,9717026094,1167746470198,,Общества с ограниченной ответственностью,2016-05-17,"МЕДЭК СТАРЗ ИНТЕРНЕШНЛ, ООО",Москва,,"129626, г. Москва, проспект Мира, д. 102 к. 1 этаж 6 ком. 6 (Бизнес-центр «Парк мира»)",,"8 (903) 5734701, 8 (966) 1089456, 8 (968) 8658835, 8 (985) 1002700, 8 (965) 2223251, 8 (495) 6404523, 8 (800) 5557387",,"a.solovev@medeqstars.ru, buh@medeqstars.ru, d.melnikov@medeq.ru, info@medeg.ru, info@medegstars.ru, info@medeq.ru, info@medeqstars.ru, info@medeqstsrs.ru, m.chernyh@mytechfin.ru, m.n@medeq.ru","medeq.ru, medeqstars.tiu.ru",,,,,,,,,Торговля оптовая фармацевтической продукцией,46.46,,,,1523311000,52946000,65,100000,,"XXX,XXмлн. ₽",,,,,,,,,,,,,,,,refused,,33b3663f-dd6e-4416-9416-86d73e275ae4,1,2026-05-29 12:12:49.019370+00:00,False,2026-05-22 06:43:46.359385+00:00,2026-05-29 12:12:49.019370+00:00
61005a3a-bb4b-4284-b6f5-bc21ff410db1,9725032535,1207700169687,,Общества с ограниченной ответственностью,2020-05-20,"ЭЙДЖИАЙ ЭЛЕКТРОНИКС, ООО",Москва,,"115419, г. Москва, ул. Орджоникидзе, д. 11 стр. 3 этаж 4 пом. I ком. 13 (Бизнес-парк «Орджоникидзе 11 строение 3»)",,"8 (495) 2291178, 8 (800) 7001178, 8 (905) 7066723, 8 (906) 1458871, 8 (966) 1749227, 8 (966) 1749265",,buh1@kontitrade.com,polar.ru,,,,,,,,,Торговля оптовая электрической бытовой техникой,46.43.1,,,,9825994000,105855000,110,1000000,,"X,XXмлрд. ₽",,,,,,,,,,,,,,,,refused,,33b3663f-dd6e-4416-9416-86d73e275ae4,1,2026-05-26 10:00:29.937669+00:00,False,2026-05-22 06:43:47.415775+00:00,2026-05-26 10:00:29.937669+00:00
f366a464-faea-462b-ad54-f568890bbf58,9731024437,1197746045980,,Общества с ограниченной ответственностью,2019-01-31,"РУСМЕТИЗГРУПП, ООО",Москва,,"121353, г. Москва, ул. Беловежская, д. 17 к. 2 кв. 131",,8 (495) 7775508,,"lmk@tdrusmetiz.ru, zakaz@tdrusmetiz.ru",tdrusmetiz.ru,,,,,,,,,"Деятельность агентов по оптовой торговле машинами, промышленным оборудованием, судами и летательными аппаратами",46.14,,,,372661000,9104000,12,10000,,"XX,XXмлн. ₽",,,,,,,,,,,,,,,,refused,,33b3663f-dd6e-4416-9416-86d73e275ae4,2,2026-05-26 11:41:06.940489+00:00,False,2026-05-22 06:43:47.415775+00:00,2026-05-26 11:41:06.940489+00:00
243f596c-b6d7-48d1-97d5-cde58b31aa29,9731017430,1187746972324,,Общества с ограниченной ответственностью,1992-09-30,"ПОКАРД, ООО НПФ",Москва,,"123592, г. Москва, вн.тер.г. муниципальный округ Строгино, ул Кулакова, д. 20, к. 1, помещ. 8/1",,"8 (495) 4146820, 8 (499) 5550924, 8 (499) 5509245, 8 (903) 7232321, 8 (926) 5226543",,"9380557@mail.ru, anna@pocard.ru, anna@pokard.ru, info@pocard.ru, irina@pocard.ru, pocard@cardio.ru",www.pocard.ru,,,,,,,,,Научные исследования и разработки в области биотехнологии,72.11,,,,222532000,24240000,15,200000,,"XX,XXмлн. ₽","X,XXмлн. ₽",,,,,,,,,,,,,,,refused,,33b3663f-dd6e-4416-9416-86d73e275ae4,1,2026-05-26 09:43:11.859401+00:00,False,2026-05-22 06:43:47.415775+00:00,2026-05-26 09:43:11.859401+00:00
aec01a8c-c323-43b1-832c-c91daa3d97cb,9723083012,1197746206360,,Общества с ограниченной ответственностью,2019-03-22,"ПАПИРУС, ООО",Москва,,"109387, г. Москва, ул. Люблинская, д. 55 пом. 13, этаж 3",,"8 (917) 2576484, 8 (343) 3102081, 8 (383) 2022160, 8 (495) 2041704, 8 (495) 6601567, 8 (495) 6601568, 8 (495) 6601569, 8 (499) 3808081, 8 (812) 2442408, 8 (812) 2442409, 8 (831) 2141958, 8 (863) 3090226, 8 (8652) 334482",,info@papirus.ru,papirus.ru,,,,,,,,,Торговля оптовая бумагой и картоном,46.76.1,,,,14288691000,474011000,108,10000,,"XXX,Xмлн. ₽","XXX,XXмлн. ₽",,,,,,,,,,,,,,,refused,,33b3663f-dd6e-4416-9416-86d73e275ae4,1,2026-05-26 10:01:51.153240+00:00,False,2026-05-22 06:43:47.415775+00:00,2026-05-26 10:01:51.153240+00:00
513e4df9-b768-47be-8bbd-77a046980ec5,9721058853,5177746240931,,Общества с ограниченной ответственностью,2017-11-22,"М-ВУД, ООО",Москва,,"109431, г. Москва, ул. Привольная, д. 70 офис 809 этаж 5 (Бизнес-центр «Жулебино»)",,"8 (495) 7347242, 8 (903) 5869989",,info@m-wood.info,www.m-wood.info,,,,,,,,,"Производство шпона, фанеры, деревянных плит и панелей",16.21,,,,2000040000,19717000,508,100000,,"XX,XXмлн. ₽","XXX,XXмлн. ₽",,,,,,,,,,,,,,,refused,,33b3663f-dd6e-4416-9416-86d73e275ae4,3,2026-05-25 09:31:54.220900+00:00,False,2026-05-22 06:43:47.415775+00:00,2026-05-25 09:31:54.220900+00:00
37506a2d-8970-4338-95c0-54903730e7a3,9729169403,5177746241228,,Общества с ограниченной ответственностью,2017-11-22,"ЛАЙФХЕЛСКЭР, ООО",Москва,,"119415, г. Москва, вн.тер.г. муниципальный округ Проспект Вернадского, пр-кт Вернадского, д. 41, стр. 1, помещ. I/КОМ. 18/ЭТАЖ 8",,"8 (495) 9401260, 8 (499) 4901260, 8 (926) 9243251",,"1hk2019@bk.ru, buh@lifehealthcare.ru, info@life.ru, info@lifehealthcare.ru, lhk2019@bk.ru, lhr2019@bk.ru, lng@mail.ru, system@lifehealthcare.ru","https://lifehealthcare.ru/kompaniya/, lifehealthcare.ru, www.ohio8.vchecks.me",,,,,,,,,Торговля оптовая фармацевтической продукцией,46.46,,,,551514000,28664000,11,100000,,"XXX,XXмлн. ₽",,,,,,,,,,,,,,,,refused,,33b3663f-dd6e-4416-9416-86d73e275ae4,4,2026-05-25 09:48:36.860309+00:00,False,2026-05-22 06:43:47.415775+00:00,2026-05-25 09:48:36.860309+00:00
18280c55-f3e9-4620-a88d-498a15313300,5404475633,1125476262988,541001001,Общества с ограниченной ответственностью,2012-12-28,"НЕО-ПАК, ООО",Новосибирская обл,"630533, Новосибирская обл, р-н Новосибирский, тер Промышленная, 4, помещ 1","630007, Новосибирская обл., г. Новосибирск, ул. Сибревкома, д. 2 офис 701",,"+7 (383) 373-28-13
+7 (383) 349-57-76
+7 (383) 372-28-13; 8 (383) 2409360, 8 (383) 3732813, 8 (383) 3732814, 8 (800) 2012613, 8 (913) 7179025",По запросу,"of@n-pak.ru
primary@uscapital.ru; buh@n-pak.ru, buh@n-rak.ru, sale@n-pak.ru",www.n-pak.ru; http://invest.n-pak.ru,,Ладан Александр Юрьевич,Директор,540809431271,,,,,22.22 Производство пластмассовых изделий для упаковывания товаров; Производство пластмассовых изделий для упаковывания товаров,22.22,"18.12.9 Прочие виды полиграфической деятельности, не включенные в другие группировки
46.90 Торговля оптовая неспециализированная
18.11 Печатание газет
18.12 Прочие виды полиграфической деятельности
18.13 Изготовление печатных форм и подготовительная деятельность
46.18 Деятельность агентов, специализирующихся на оптовой торговле прочими отдельными видами товаров
77.39.2 Аренда и лизинг прочих машин и оборудования, не включенных в другие группировки","18.12.9 Прочие виды полиграфической деятельности, не включенные в другие группировки
46.90 Торговля оптовая неспециализированная
18.11 Печатание газет
18.12 Прочие виды полиграфической деятельности
18.13 Изготовление печатных форм и подготовительная деятельность
46.18 Деятельность агентов, специализирующихся на оптовой торговле прочими отдельными видами товаров
77.39.2 Аренда и лизинг прочих машин и оборудования, не включенных в другие группировки",,2478694000,64960000,244,1000000,2933867000,"XX,XXмлн. ₽","XX,XXмлн. ₽",,,0,,,,Не входит,Крупные предприятия,"""Экспортёры и импортёры"" — из шаблона",,Открыть в Фокусе,Контур.Поиск клиентов,,,refused,,33b3663f-dd6e-4416-9416-86d73e275ae4,1,2026-05-26 11:39:58.242819+00:00,False,2026-05-22 06:43:22.274534+00:00,2026-05-26 11:39:58.242819+00:00
aa43753f-dd26-4765-897d-03fb18b6564c,7715213200,1037739705959,503601001,Общества с ограниченной ответственностью,1999-12-07,"МЯСОПЕРЕРАБАТЫВАЮЩИЙ ЗАВОД РЕМИТ, ООО",Московская обл,"142111, Московская обл, г Подольск, проезд Художественный, 2Д","142111, Московская обл., г. Подольск, проезд Художественный, д. 2 д",,"+7 (495) 241-44-40
+7 (499) 400-44-40
+7 926 001-44-40
+7 (495) 127-96-40
+7 926 645-11-32
+7 (499) 400-52-52; 8 (499) 4005373, 8 (499) 4005383, 8 (926) 0014440, 8 (495) 2414440, 8 (495) 3800787, 8 (495) 9966263, 8 (499) 4004440",,mo@mosremit.ru,"kupiremit.ru, www.mosremit.ru",,Зайцев Олег Борисович,Генеральный Директор,500601107471,,,,,10.13.2 Производство колбасных изделий; Производство колбасных изделий,10.13.2,"46.90 Торговля оптовая неспециализированная
47.22 Торговля розничная мясом и мясными продуктами в специализированных магазинах
10.13.1 Производство соленого, вареного, запеченого, копченого, вяленого и прочего мяса
10.13.3 Производство мясных (мясосодержащих) консервов
10.13.4 Производство мясных (мясосодержащих) полуфабрикатов
10.13.5 Производство кулинарных мясных (мясосодержащих) изделий
10.13.6 Производство прочей пищевой продукции из мяса или мясных пищевых субпродуктов
10.13.7 Производство муки и гранул из мяса и мясных субпродуктов, непригодных для употребления в пищу
10.13.9 Предоставление услуг по тепловой обработке и прочим способам переработки мясных продуктов","46.90 Торговля оптовая неспециализированная
47.22 Торговля розничная мясом и мясными продуктами в специализированных магазинах
10.13.1 Производство соленого, вареного, запеченого, копченого, вяленого и прочего мяса
10.13.3 Производство мясных (мясосодержащих) консервов
10.13.4 Производство мясных (мясосодержащих) полуфабрикатов
10.13.5 Производство кулинарных мясных (мясосодержащих) изделий
10.13.6 Производство прочей пищевой продукции из мяса или мясных пищевых субпродуктов
10.13.7 Производство муки и гранул из мяса и мясных субпродуктов, непригодных для употребления в пищу
10.13.9 Предоставление услуг по тепловой обработке и прочим способам переработки мясных продуктов",,10617488000,1918767000,1377,300000000,7199245000,,"XX,XXмлн. ₽",,,0,,"Эксплуатация взрывопожароопасных и химически опасных производственных объектов I, II и III классов опасности
Эксплуатация взрывопожароопасных производственных объектов",,Не входит,Крупные предприятия,"""Экспортёры и импортёры"" — из шаблона",,Открыть в Фокусе,Контур.Поиск клиентов,,,refused,,33b3663f-dd6e-4416-9416-86d73e275ae4,1,2026-05-27 07:20:04.859062+00:00,False,2026-05-22 06:43:35.403452+00:00,2026-05-27 07:20:04.859062+00:00
7b39a3cd-2290-4d7d-aff1-66d5975bb436,7702689916,5087746495436,781001001,,2008-11-28,"АО ""Порт-Карго-Сервис""",г Санкт-Петербург,"196240, г Санкт-Петербург, ул Предпортовая, 2",,,"+7 921 330-33-99
+7 (812) 339-91-46",,R.zheltuhin@keystone-logistics.com,,,Белов Юрий Павлович,Генеральный Директор,290117530690,,,,,49.41.3 Аренда грузового автомобильного транспорта с водителем,,"52.10.9 Хранение и складирование прочих грузов
52.29 Деятельность вспомогательная прочая, связанная с перевозками
68.20.29 Аренда и управление собственным или арендованным прочим нежилым недвижимым имуществом
77.11 Аренда и лизинг легковых автомобилей и легких автотранспортных средств
50.10 Деятельность морского пассажирского транспорта
50.20 Деятельность морского грузового транспорта
52.10 Деятельность по складированию и хранению
52.2 Деятельность транспортная вспомогательная
52.24 Транспортная обработка грузов","52.10.9 Хранение и складирование прочих грузов
52.29 Деятельность вспомогательная прочая, связанная с перевозками
68.20.29 Аренда и управление собственным или арендованным прочим нежилым недвижимым имуществом
77.11 Аренда и лизинг легковых автомобилей и легких автотранспортных средств
50.10 Деятельность морского пассажирского транспорта
50.20 Деятельность морского грузового транспорта
52.10 Деятельность по складированию и хранению
52.2 Деятельность транспортная вспомогательная
52.24 Транспортная обработка грузов",,1706744000,29323000,203,,1629004000,,,,,0,,"Эксплуатация взрывопожароопасных и химически опасных производственных объектов I, II и III классов опасности
Погрузочно-разгрузочная деятельность применительно к опасным грузам на железнодорожном транспорте",,Среднее,,"""Экспортёры и импортёры"" — из шаблона",,Открыть в Фокусе,Контур.Поиск клиентов,,,refused,,33b3663f-dd6e-4416-9416-86d73e275ae4,1,2026-05-26 11:41:56.009761+00:00,False,2026-05-22 06:43:32.094071+00:00,2026-05-26 11:41:56.009761+00:00
2949f3f3-85cf-4d6a-ba43-d0656c2f0652,4632098703,1084632009912,310001001,,2008-12-09,"ООО ""Эльдорф""",Белгородская обл,"308023, Белгородская обл, г Белгород, пр-кт Б.Хмельницкого, 135, офис 404",,,+7 910 344-25-25,,"prostomany@bk.ru
dostavilka.korp@yandex.ru
info@td-eldorf.ru",http://dostavilka.ru,,Анохин Александр Сергеевич,Генеральный Директор,366315158207,,,,,68.20 Аренда и управление собственным или арендованным недвижимым имуществом,,"10.13 Производство продукции из мяса убойных животных и мяса птицы
10.13.1 Производство соленого, вареного, запеченого, копченого, вяленого и прочего мяса
10.13.2 Производство колбасных изделий
10.13.3 Производство мясных (мясосодержащих) консервов
10.13.4 Производство мясных (мясосодержащих) полуфабрикатов
10.13.5 Производство кулинарных мясных (мясосодержащих) изделий
10.13.6 Производство прочей пищевой продукции из мяса или мясных пищевых субпродуктов
10.13.7 Производство муки и гранул из мяса и мясных субпродуктов, непригодных для употребления в пищу
10.13.9 Предоставление услуг по тепловой обработке и прочим способам переработки мясных продуктов","10.13 Производство продукции из мяса убойных животных и мяса птицы
10.13.1 Производство соленого, вареного, запеченого, копченого, вяленого и прочего мяса
10.13.2 Производство колбасных изделий
10.13.3 Производство мясных (мясосодержащих) консервов
10.13.4 Производство мясных (мясосодержащих) полуфабрикатов
10.13.5 Производство кулинарных мясных (мясосодержащих) изделий
10.13.6 Производство прочей пищевой продукции из мяса или мясных пищевых субпродуктов
10.13.7 Производство муки и гранул из мяса и мясных субпродуктов, непригодных для употребления в пищу
10.13.9 Предоставление услуг по тепловой обработке и прочим способам переработки мясных продуктов",,1507243000,4253000,14,,276001000,,,,,630166,,,,Не входит,,"""Экспортёры и импортёры"" — из шаблона",,Открыть в Фокусе,Контур.Поиск клиентов,,,refused,,33b3663f-dd6e-4416-9416-86d73e275ae4,1,2026-05-26 10:13:36.631253+00:00,False,2026-05-22 06:43:16.807068+00:00,2026-05-26 10:13:36.631253+00:00
28360fbf-4b36-412c-995f-9ae9774370b0,7801323020,1167847452387,780101001,,2016-11-24,"ООО ""Крем Шоп""",г Санкт-Петербург,"199034, г Санкт-Петербург, пр-кт Большой В.О, 18А, пом. № 201 (Часть пом.48-Н)",,,"+7 800 100-05-06
+7 (499) 673-42-58",,"shop@cream.shop
pr@cream.shop
zakupki@cream.shop
zakaz@cream.shop",http://cream.shop,,Зикрат Елена Вадимовна,Генеральный Директор,550600392299,,,,,47.75 Торговля розничная косметическими и товарами личной гигиены в специализированных магазинах,,"46.33.3 Торговля оптовая пищевыми маслами и жирами
46.34.1 Торговля оптовая соками, минеральной водой и прочими безалкогольными напитками
46.37 Торговля оптовая кофе, чаем, какао и пряностями
46.38.29 Торговля оптовая прочими пищевыми продуктами, не включенными в другие группировки
46.45 Торговля оптовая парфюмерными и косметическими товарами
46.75.2 Торговля оптовая промышленными химикатами
47.51.1 Торговля розничная текстильными изделиями в специализированных магазинах
47.59.2 Торговля розничная различной домашней утварью, ножевыми изделиями, посудой, изделиями из стекла и керамики, в том числе фарфора и фаянса в специализированных магазинах
47.71.1 Торговля розничная мужской, женской и детской одеждой в специализированных магазинах","46.33.3 Торговля оптовая пищевыми маслами и жирами
46.34.1 Торговля оптовая соками, минеральной водой и прочими безалкогольными напитками
46.37 Торговля оптовая кофе, чаем, какао и пряностями
46.38.29 Торговля оптовая прочими пищевыми продуктами, не включенными в другие группировки
46.45 Торговля оптовая парфюмерными и косметическими товарами
46.75.2 Торговля оптовая промышленными химикатами
47.51.1 Торговля розничная текстильными изделиями в специализированных магазинах
47.59.2 Торговля розничная различной домашней утварью, ножевыми изделиями, посудой, изделиями из стекла и керамики, в том числе фарфора и фаянса в специализированных магазинах
47.71.1 Торговля розничная мужской, женской и детской одеждой в специализированных магазинах",,1345902000,262130000,70,,587699000,,,,,0,,,,Малое,,"""Экспортёры и импортёры"" — из шаблона",,Открыть в Фокусе,Контур.Поиск клиентов,,,refused,,33b3663f-dd6e-4416-9416-86d73e275ae4,1,2026-05-27 07:20:00.818562+00:00,False,2026-05-22 06:43:40.841165+00:00,2026-05-27 07:20:00.818562+00:00
dc19b055-cd8c-4c84-bd03-9b4a6d267297,9725034444,1207700274044,,Общества с ограниченной ответственностью,2020-05-08,"РУСАГРОТРЕЙД, ООО",Москва,,"115419, г. Москва, вн.тер.г. муниципальный округ Донской, проезд 2-й Рощинский, д. 8, помещ. 6/12",,"8 (926) 1616177, 8 (999) 5551947",,v.balasian@rus-agrotrade.com,rusagro-trade.ru,,,,,,,,,"Торговля оптовая зерном, необработанным табаком, семенами и кормами для сельскохозяйственных животных",46.21,,,,1538737000,-79342000,28,150000000,,,"X,XXмлрд. ₽",,,,,,,,,,,,,,,refused,,33b3663f-dd6e-4416-9416-86d73e275ae4,1,2026-05-25 12:18:53.977160+00:00,False,2026-05-22 06:43:47.415775+00:00,2026-05-25 12:18:53.977160+00:00
e9f85979-f541-44a5-a350-8b95ef4cda46,9729186494,5177746320670,,Общества с ограниченной ответственностью,2017-12-13,"АЛРОКС, ООО",Москва,,"119619, г. Москва, ул. 2-Я Карпатская, д. 4 офис 302",,"8 (909) 9675100, 8 (495) 7892116, 8 (499) 7923962, 8 (800) 5551619",По запросу,rlr@alrox.ru,alroks.ru,,,,,,,,,Торговля оптовая прочими строительными материалами и изделиями,46.73.6,,,,414441000,13239000,6,10000,,"XX,XXмлн. ₽",,,,,,,,,,,,,,,,refused,,33b3663f-dd6e-4416-9416-86d73e275ae4,4,2026-05-29 09:37:25.024419+00:00,False,2026-05-22 06:43:47.415775+00:00,2026-05-29 09:37:25.024419+00:00
0df474fc-a49e-4e6d-87d4-0e9da2c64ea8,3321016417,1023301105211,,12300 - Общества с ограниченной ответственностью,2001-02-22,"ПОКРОВ-ВОДА, ООО",Владимирская область,,"601125, Владимирская обл., Петушинский район, п Вольгинский, ул. Заводская стр. 198",,"8 (492) 2373747, 8 (903) 5562365, 8 (49243) 71257, 8 (49243) 71526, 8 (495) 7430975, 8 (903) 6471598, 8 (903) 6475775, 8 (905) 0572929, 8 (960) 7245424",,"voda_33@rambler.ru, vodapokrov33@yandex.ru",покров-вода.рф,,,,,,,,,Производство минеральных вод,11.07.1,,,,37502000,3102000,17,10000,,,,,,,,,,,Микропредприятия,,,,,,,refused,,33b3663f-dd6e-4416-9416-86d73e275ae4,2,2026-05-25 12:19:16.043225+00:00,False,2026-05-22 12:01:42.463114+00:00,2026-05-25 12:19:16.043225+00:00
408ccc3a-ef4a-4a23-97ee-66b670ba1506,9724041375,1217700122970,,Общества с ограниченной ответственностью,2021-03-19,"ЛИЧИ РУС, ООО",Москва,,"115230, г. Москва, вн.тер.г. муниципальный округ Нагатино-Садовники, ш Каширское, д. 3, к. 2, стр. 4, ком. 51",,"8 (909) 9725535, 8 (909) 6685555, 8 (999) 1139019",,"damir240@gmail.com, damir240@gmail.com; baitemirova.r@corp.lichi.com, damir@lichi.com","https://lichi.com/ru/ru, www.lichi.com",,,,,,,,,Торговля розничная одеждой в специализированных магазинах,47.71,,,,2614904000,642045000,233,160000,,,"XX,XXмлн. ₽",,,,,,,,,,,,,,,refused,,33b3663f-dd6e-4416-9416-86d73e275ae4,1,2026-05-26 10:04:03.720594+00:00,False,2026-05-22 06:43:47.415775+00:00,2026-05-26 10:04:03.720594+00:00
4c03378a-773b-42a7-90e0-733f557a238e,7708096599,1025005117961,504001001,,1997-05-26,"ООО ""Оско ""Продукт""",Московская обл,"140103, Московская обл, г Раменское, ш 4-й км Донинское, 7/1",,,"+7 (495) 989-42-88
+7 (49646) 1-73-60
+7 (499) 755-11-15",,allure@allurecalze.ru,http://allurecalze.ru,,Фотиади Юрий Александрович,Генеральный Директор,502985775452,,,,,14.31 Производство вязаных и трикотажных чулочно-носочных изделий,,"14.11 Производство одежды из кожи
14.12 Производство спецодежды
14.13 Производство прочей верхней одежды
14.14 Производство нательного белья
14.19 Производство прочей одежды и аксессуаров одежды
46.41 Торговля оптовая текстильными изделиями
46.42 Торговля оптовая одеждой и обувью
46.45.1 Торговля оптовая парфюмерными и косметическими товарами, кроме мыла
46.45.2 Торговля оптовая туалетным и хозяйственным мылом","14.11 Производство одежды из кожи
14.12 Производство спецодежды
14.13 Производство прочей верхней одежды
14.14 Производство нательного белья
14.19 Производство прочей одежды и аксессуаров одежды
46.41 Торговля оптовая текстильными изделиями
46.42 Торговля оптовая одеждой и обувью
46.45.1 Торговля оптовая парфюмерными и косметическими товарами, кроме мыла
46.45.2 Торговля оптовая туалетным и хозяйственным мылом",,1621852000,-57085000,248,,1106884000,,,,,4973679,,"Эксплуатация взрывопожароопасных и химически опасных производственных объектов I, II и III классов опасности",,Среднее,,"""Экспортёры и импортёры"" — из шаблона",,Открыть в Фокусе,Контур.Поиск клиентов,,,refused,,33b3663f-dd6e-4416-9416-86d73e275ae4,1,2026-05-26 11:39:49.720626+00:00,False,2026-05-22 06:43:33.205730+00:00,2026-05-26 11:39:49.720626+00:00
d85b77ea-d363-46a2-a494-93710dd39eeb,9729273210,1187746657669,,Общества с ограниченной ответственностью,2018-10-07,"ЛУБРИ ГРУП, ООО",Москва,,"119361, г. Москва, вн.тер.г. муниципальный округ Очаково-Матвеевское, ул Большая Очаковская, д. 47А, стр. 1, этаж/помещ 6/15",,"8 (985) 9251341, 8 (916) 3318621, 8 (495) 2410143",,"fayngold@mail.ru, info@lubrigroup.ru, marketing@lubrigard.ru",https://www.lubrigroup.ru,,,,,,,,,Торговля оптовая неспециализированная,46.90,,,,913424000,166324000,12,300000,,"XXX,XXмлн. ₽","XX,XXмлн. ₽",,,,,,,,Средние предприятия,,,,,,,refused,,33b3663f-dd6e-4416-9416-86d73e275ae4,1,2026-05-26 11:40:54.235634+00:00,False,2026-05-22 06:43:47.415775+00:00,2026-05-26 11:40:54.235634+00:00
69d26acd-9b64-4a64-9065-fcc910d65de4,9715381110,1207700116634,,Общества с ограниченной ответственностью,2020-03-13,"ДЖИАЙТИЭЛ, ООО",Москва,,"115191, г. Москва, вн.тер.г. муниципальный округ Даниловский, ул Мытная, д. 66, помещ. 47 (Бизнес-центр на Ул. Мытная, 66)",,8 (495) 3699036,По запросу,info@jitl.ru,www.jitl.ru,,,,,,,,,"Деятельность вспомогательная прочая, связанная с перевозками",52.29,,,,1200896000,41730000,23,30000,,"XXX,XXмлн. ₽",,,,,,,,,Крупные предприятия,,,,,,,refused,,33b3663f-dd6e-4416-9416-86d73e275ae4,1,2026-05-26 11:40:28.220050+00:00,False,2026-05-22 06:43:46.359385+00:00,2026-05-26 11:40:28.220050+00:00
d93d100c-e99a-48d2-949d-cb50d931bce2,2631026460,1042600804135,263101001,Публичные акционерные общества,2004-05-18,"КОМПАНИЯ АРНЕСТ, ОАО",Ставропольский край,"357114, Ставропольский край, г Невинномысск, ул Комбинатская, 6","357107, Ставропольский кр., г. Невинномысск, ул. Комбинатская, д. 6",,"+7 (86554) 5-41-15
+7 (86554) 5-41-05
+7 (86554) 5-41-28
+7 (86554) 5-43-14
+7 (495) 644-27-66
+7 (86554) 5-42-72
+7 800 555-55-85
+7 (861) 216-70-23
+7 (86554) 5-41-14
+7 (495) 644-27-67; 8 (86554) 54114, 8 (902) 9912983, 8 (495) 6442767, 8 (861) 2167023, 8 (861) 2167025, 8 (865) 5454105, 8 (86554) 54115, 8 (86554) 54314, 8 (86554) 54350",,"info@prelestsiyay.ru
info@prelestsyay.ru
company@arnestcom.ru
b2b@arnestcom.ru; b2b@arnestcom.ru, zakaz@arnestcom.ru",twist.ru; http://xn--e1aajehwhlaj4iqb.xn--p1ai,,Галустян Самвел Александрович,Генеральный Директор,616404045709,,,,,"46.45.1 Торговля оптовая парфюмерными и косметическими товарами, кроме мыла; Торговля оптовая парфюмерными и косметическими товарами, кроме мыла",46.45.1,"20.41.3 Производство мыла и моющих средств, чистящих и полирующих средств
20.41.4 Производство средств для ароматизации и дезодорирования воздуха и восков
20.42 Производство парфюмерных и косметических средств
20.59.5 Производство прочих химических продуктов, не включенных в другие группировки
46.18.1 Деятельность агентов, специализирующихся на оптовой торговле фармацевтической продукцией, изделиями, применяемыми в медицинских целях, парфюмерными и косметическими товарами, включая мыло, и чистящими средствами
46.44.2 Торговля оптовая чистящими средствами
46.45.2 Торговля оптовая туалетным и хозяйственным мылом
49.41.2 Перевозка грузов неспециализированными автотранспортными средствами
52.10.9 Хранение и складирование прочих грузов","20.41.3 Производство мыла и моющих средств, чистящих и полирующих средств
20.41.4 Производство средств для ароматизации и дезодорирования воздуха и восков
20.42 Производство парфюмерных и косметических средств
20.59.5 Производство прочих химических продуктов, не включенных в другие группировки
46.18.1 Деятельность агентов, специализирующихся на оптовой торговле фармацевтической продукцией, изделиями, применяемыми в медицинских целях, парфюмерными и косметическими товарами, включая мыло, и чистящими средствами
46.44.2 Торговля оптовая чистящими средствами
46.45.2 Торговля оптовая туалетным и хозяйственным мылом
49.41.2 Перевозка грузов неспециализированными автотранспортными средствами
52.10.9 Хранение и складирование прочих грузов",,11123374000,737567000,200,20000000,7587011000,"X,XXмлн. ₽","X,XXмлрд. ₽",,,0,,,,Не входит,,"""Экспортёры и импортёры"" — из шаблона",,Открыть в Фокусе,Контур.Поиск клиентов,,,refused,,33b3663f-dd6e-4416-9416-86d73e275ae4,4,2026-05-29 09:53:14.645123+00:00,False,2026-05-22 06:43:11.408530+00:00,2026-05-29 09:53:14.645123+00:00
f7cb8921-f3c0-41ed-9176-65879e0fb58a,9718083987,5177746314169,,Общества с ограниченной ответственностью,2017-12-12,"БОДОР, ООО",Москва,,"105122, г. Москва, вн.тер.г. муниципальный округ Гольяново, ш Щёлковское, д. 5, стр. 1, офис 520, 523 (Бизнес-центр ""Сокол"")",,"8 (495) 1341835, 8 (905) 7348191",По запросу,"buh@bodor.su, tender@bodor.su",https://bodor.su/,,,,,,,,,Торговля оптовая станками,46.62,,,,1083160000,97560000,27,200000,,"XXX,XXмлн. ₽",,,,,,,,,Средние предприятия,,,,,,,refused,,33b3663f-dd6e-4416-9416-86d73e275ae4,1,2026-05-27 12:05:05.748777+00:00,False,2026-05-22 06:43:46.359385+00:00,2026-05-27 12:05:05.748777+00:00
f9345ff9-f130-4fd5-b8d6-bec126b13ba8,6382047425,1046303272278,632101001,Общества с ограниченной ответственностью,2004-03-19,"ФЕРРИТ, ООО",Самарская обл,"445037, Самарская обл, г Тольятти, проезд Новый, 3, ком 50","445037, Самарская обл., г. Тольятти, проезд Новый, д. 3 ком. 50",,"+7 (8482) 51-60-60
+7 (499) 673-44-22
+7 927 891-38-47
+7 (8482) 69-53-02; 8 (848) 2695542, 8 (848) 2695787, 8 (8482) 695302, 8 (927) 8913847, 8 (800) 5513594, 8 (846) 2222219, 8 (848) 2222219, 8 (8482) 516060, 8 (8482) 695300",,rzubtsov@mail.ru,"ferritgroup.ru, www.ferrit63.ru; http://www.ferritgroup.ru",,,,,,,,,46.72 Торговля оптовая металлами и металлическими рудами; Обработка металлических изделий механическая,25.62,"25.62 Обработка металлических изделий механическая
46.72.21 Торговля оптовая черными металлами в первичных формах
46.73 Торговля оптовая лесоматериалами, строительными материалами и санитарно-техническим оборудованием
46.74 Торговля оптовая скобяными изделиями, водопроводным и отопительным оборудованием и принадлежностями
47.52.73 Торговля розничная металлическими и неметаллическими конструкциями в специализированных магазинах
47.78.9 Торговля розничная непродовольственными товарами, не включенными в другие группировки, в специализированных магазинах","25.62 Обработка металлических изделий механическая
46.72.21 Торговля оптовая черными металлами в первичных формах
46.73 Торговля оптовая лесоматериалами, строительными материалами и санитарно-техническим оборудованием
46.74 Торговля оптовая скобяными изделиями, водопроводным и отопительным оборудованием и принадлежностями
47.52.73 Торговля розничная металлическими и неметаллическими конструкциями в специализированных магазинах
47.78.9 Торговля розничная непродовольственными товарами, не включенными в другие группировки, в специализированных магазинах",,15764507000,1841062000,33,100000,8777158000,"X,XXмлрд. ₽","XX,XXмлн. ₽",,,0,,,,Не входит,,"""Экспортёры и импортёры"" — из шаблона",,Открыть в Фокусе,Контур.Поиск клиентов,,,refused,,33b3663f-dd6e-4416-9416-86d73e275ae4,1,2026-05-27 07:20:10.738399+00:00,False,2026-05-22 06:43:26.673212+00:00,2026-05-27 07:20:10.738399+00:00
0ec12563-b64d-4fa8-adcc-7f082c4b42a8,9715005130,5147746334313,771301001,,2014-11-11,"ООО ""Кузница""",г Москва,"127591, г Москва, ш Дмитровское, 100 / корп 2, этаж 6 офис 600а",,,"+7 (499) 450-26-06
+7 (495) 626-26-06
+7 961 114-11-77
+7 (831) 213-51-95
+7 (495) 686-26-06
+7 (49666) 2-62-64
+7 905 666-00-91
+7 961 145-55-85",,"moscow@kuznitsa.ru
crea@rambler.ru",http://www.kuznitsa.ru,,Кривоногов Роман Андреевич,Генеральный Директор,330104900204,,,,,"46.61 Торговля оптовая машинами, оборудованием и инструментами для сельского хозяйства",,"28.30.89 Производство прочих машин и оборудования для сельского хозяйства, садоводства, птицеводства или пчеловодства, не включенных в другие группировки
33.12 Ремонт машин и оборудования
41.20 Строительство жилых и нежилых зданий
43.29 Производство прочих строительно-монтажных работ
45.20 Техническое обслуживание и ремонт автотранспортных средств
45.3 Торговля автомобильными деталями, узлами и принадлежностями
46.11 Деятельность агентов по оптовой торговле сельскохозяйственным сырьем, живыми животными, текстильным сырьем и полуфабрикатами
46.11.1 Деятельность агентов по оптовой торговле живыми животными
46.11.3 Деятельность агентов по оптовой торговле прочим сельскохозяйственным сырьем, текстильным сырьем и полуфабрикатами","28.30.89 Производство прочих машин и оборудования для сельского хозяйства, садоводства, птицеводства или пчеловодства, не включенных в другие группировки
33.12 Ремонт машин и оборудования
41.20 Строительство жилых и нежилых зданий
43.29 Производство прочих строительно-монтажных работ
45.20 Техническое обслуживание и ремонт автотранспортных средств
45.3 Торговля автомобильными деталями, узлами и принадлежностями
46.11 Деятельность агентов по оптовой торговле сельскохозяйственным сырьем, живыми животными, текстильным сырьем и полуфабрикатами
46.11.1 Деятельность агентов по оптовой торговле живыми животными
46.11.3 Деятельность агентов по оптовой торговле прочим сельскохозяйственным сырьем, текстильным сырьем и полуфабрикатами",,5687542000,250216000,193,,1797993000,,,,,2624750,,,,Не входит,,"""Экспортёры и импортёры"" — из шаблона",,Открыть в Фокусе,Контур.Поиск клиентов,,,refused,,33b3663f-dd6e-4416-9416-86d73e275ae4,1,2026-05-28 08:49:50.926702+00:00,False,2026-05-22 06:43:46.359385+00:00,2026-05-28 08:49:50.926702+00:00
7c7ff00f-5e51-495f-866c-64e2c3a993f3,9721065723,1187746495155,,Непубличные акционерные общества,2018-05-22,"БРИКСО, АО",Москва,,"123001, г. Москва, пер. Мамоновский, д. 4 стр. 1 этаж / пом. / ком. 1/II/1-13,13А",,8 (495) 3247788,По запросу,m.dmitrieva@brixogroup.com,www.brixogroup.com,,,,,,,,,"Торговля оптовая автомобильными деталями, узлами и принадлежностями",45.31,,,,4624158000,1048086000,260,10000,,"X,XXмлрд. ₽",,,,,,,"""Подписант Хартии добросовестных участников ВЭД""",,Крупные предприятия,,,,,,,refused,,33b3663f-dd6e-4416-9416-86d73e275ae4,1,2026-05-25 08:58:07.210413+00:00,False,2026-05-22 06:43:47.415775+00:00,2026-05-30 08:00:55.734417+00:00
55131d90-808b-45f9-b768-b21efd43db65,7726389728,5167746251910,,12300 - Общества с ограниченной ответственностью,2016-10-25,"ЕТС, ООО",Москва,,"117519, г. Москва, шоссе Варшавское, д. 148 этаж 3 пом. 301 (Торгово-офисный центр «Selectica» Строящийся)",,"8 (965) 2456511, 8 (499) 7531418",79652456511,,,,,,,,,,,"Торговля оптовая автомобильными деталями, узлами и принадлежностями, кроме деятельности агентов",,,,,2771112000,269432000,123,10000000,,,,,,,,,,,Крупные предприятия,,,,,,,refused,,33b3663f-dd6e-4416-9416-86d73e275ae4,2,2026-06-01 12:42:55.326146+00:00,False,2026-06-01 09:10:14.365357+00:00,2026-06-01 12:42:55.326146+00:00
6abb3b20-20fa-4ebd-9c31-0580cf18452a,7825107438,1037843020071,784101001,Общества с ограниченной ответственностью,1997-10-30,"ЦЕНТРОБАЛТ, ООО",г Санкт-Петербург,"191028, г Санкт-Петербург, ул Моховая, 31, помещ 22н","191028, г. Санкт-Петербург, ул. Моховая, д. 31 пом. 22Н",,"+7 (812) 326-29-32
+7 (812) 326-29-33
+7 (812) 326-32-15
+7 (812) 326-32-00
+7 (812) 326-32-09
+7 (812) 331-10-32
+7 915 273-05-03
+7 (812) 326-32-01
+7 (812) 326-32-07
+7 921 962-44-33; 8 (921) 9624433, 8 (812) 3262932, 8 (812) 3263200, 8 (812) 3263204, 8 (812) 3263207, 8 (812) 3263212, 8 (812) 3263215, 8 (812) 3311032, 8 (812) 3311035",,"gorban@centrobalt.spb.ru
sale@centrobalt.pro
net1@centrobalt.spb.ru
soloveva@centrobalt.spb.ru
vino@centrobalt.spb.ru
market@centrobalt.spb.ru
sev-zap@centrobalt.spb.ru
korablev@centrobalt.spb.ru
net.manager@centrobalt.spb.ru
lebedeva@centrobalt.spb.ru
info@centrobalt.spb.ru
novikov@centrobalt.spb.ru; bogdanova@centrobalt.spb.ru, kolotagina@centrobalt.spb.ru, mashkina@centrobalt.spb.ru, novikov@centrobalt.spb.ru",www.centrobalt.spb.ru; http://www.centrobalt.spb.ru,,Новиков Сергей Николаевич,Генеральный Директор,780601377393,,,,,46.34 Торговля оптовая напитками; Торговля оптовая напитками,46.34,73.11.9 Деятельность рекламных агентств прочая,73.11.9 Деятельность рекламных агентств прочая,,1792072000,77434000,158,10010000,901090000,"XXX,XXмлн. ₽",,,,0,,"Закупка, хранение и поставки алкогольной продукции",,Не входит,,"""Экспортёры и импортёры"" — из шаблона",,Открыть в Фокусе,Контур.Поиск клиентов,,,refused,,33b3663f-dd6e-4416-9416-86d73e275ae4,1,2026-06-04 08:23:30.780925+00:00,False,2026-05-22 06:43:45.283233+00:00,2026-06-04 08:23:30.780925+00:00
1a9a7787-f216-4600-9c1c-ec2f25e41e5a,7805600733,1127847478769,,Общества с ограниченной ответственностью,2012-09-13,"ООСЛ ЛОГИСТИКА (РАША) ЛИМИТЕД, ООО",Санкт-Петербург,,"198097, г. Санкт-Петербург, проспект Стачек, д. 48 к. 2 литера А офис 401",,"8 (812) 3357940, 8 (812) 6454078",По запросу,tatiana.smirnova@oocl.com,www.oocllogistics.com,,,,,,,,,"Деятельность вспомогательная прочая, связанная с перевозками",52.29,,,,5847619000,-29149000,104,10000,,"X,XXмлн. ₽",,,,,,,,,Микропредприятия,,,,,,,refused,,33b3663f-dd6e-4416-9416-86d73e275ae4,1,2026-05-26 11:39:34.567937+00:00,False,2026-05-22 06:43:41.980952+00:00,2026-05-26 11:39:34.567937+00:00
084a6c49-0a52-427d-be68-26515a44cbb0,9729061784,1177746209805,,Общества с ограниченной ответственностью,2017-03-03,"ЮХИМ, ООО",Москва,,"125363, г. Москва, вн.тер.г. муниципальный округ Южное Тушино, ул Лодочная, д. 5, к. 1, помещ. 10/4",,"8 (495) 1200620, 8 (800) 3332233, 8 (915) 3180969, 8 (966) 3300097",По запросу,"gbn@yuhim.ru, info@mail.ru, info@yuhim.ru",yuhim.ru,,,,,,,,,Торговля оптовая химическими продуктами,46.75,,,,556239000,26341000,8,100000,,"XX,XXмлн. ₽",,,,,,,,,Малые предприятия,,,,,,,refused,,33b3663f-dd6e-4416-9416-86d73e275ae4,1,2026-05-25 09:14:40.363507+00:00,False,2026-05-22 06:43:47.415775+00:00,2026-05-25 09:14:40.363507+00:00
48d81e38-cc94-4ce0-b045-5ed595c29938,9721062747,1187746209166,,Общества с ограниченной ответственностью,2018-02-27,"ПОКРОВ, ООО",Москва,,"127015, г. Москва, вн.тер.г. муниципальный округ Савеловский, ул Вятская, д. 27, стр. 13 (Бизнес-парк «Фактория строение 13»)",,"8 (495) 6415960, 8 (495) 7894836",По запросу,hello@tkano.ru,tkano.ru,,,,,,,,,Торговля оптовая неспециализированная,46.90,,,,120905000,1391000,11,500000,,"XX,XXмлн. ₽",,,,,,,,,Микропредприятия,,,,,,,refused,,33b3663f-dd6e-4416-9416-86d73e275ae4,3,2026-05-26 11:41:13.100662+00:00,False,2026-05-22 06:43:47.415775+00:00,2026-05-26 11:41:13.100662+00:00
